zip,mask,desc
1620063,2,通常火曜配送とぷらす便金曜配送
1650026,4,通常水曜配送とぷらす便月曜配送
1670052,8,通常木曜配送とぷらす便火曜配送
1710021,16,通常金曜配送とぷらす便水曜配送
1800012,8,通常木曜配送とぷらす便火曜配送
1840004,2,通常火曜配送とぷらす便金曜配送
1860004,4,通常水曜配送とぷらす便月曜配送
2130011,1,通常月曜配送とぷらす便木曜配送
2440802,4,通常水曜配送とぷらす便月曜配送
2470007,2,通常火曜配送とぷらす便金曜配送
2520804,4,通常水曜配送とぷらす便月曜配送
2700136,2,通常火曜配送とぷらす便金曜配送
2900141,4,通常水曜配送とぷらす便月曜配送
3050817,1,通常月曜配送とぷらす便木曜配送
3292712,4,通常水曜配送とぷらす便月曜配送
3310047,8,通常木曜配送とぷらす便火曜配送
3390065,16,通常金曜配送とぷらす便水曜配送
3490124,8,通常木曜配送とぷらす便火曜配送
3510015,16,通常金曜配送とぷらす便水曜配送
3540036,16,通常金曜配送とぷらす便水曜配送
3850053,2,通常火曜配送とぷらす便金曜配送
3890813,4,通常水曜配送とぷらす便月曜配送
3999301,4,通常水曜配送とぷらす便月曜配送
4110942,8,通常木曜配送とぷらす便火曜配送
4610034,8,通常木曜配送とぷらす便火曜配送
5015301,8,通常木曜配送とぷらす便火曜配送
5180722,8,通常木曜配送とぷらす便火曜配送
5181318,4,通常水曜配送とぷらす便月曜配送
5201655,4,通常水曜配送とぷらす便月曜配送
5260036,4,通常水曜配送とぷらす便月曜配送
5300001,1,通常月曜配送とぷらす便木曜配送
5300003,1,通常月曜配送とぷらす便木曜配送
5300005,1,通常月曜配送とぷらす便木曜配送
5300011,1,通常月曜配送とぷらす便木曜配送
5300012,1,通常月曜配送とぷらす便木曜配送
5300014,1,通常月曜配送とぷらす便木曜配送
5300015,1,通常月曜配送とぷらす便木曜配送
5300016,1,通常月曜配送とぷらす便木曜配送
5300018,1,通常月曜配送とぷらす便木曜配送
5300021,1,通常月曜配送とぷらす便木曜配送
5300022,1,通常月曜配送とぷらす便木曜配送
5300024,1,通常月曜配送とぷらす便木曜配送
5300025,1,通常月曜配送とぷらす便木曜配送
5300026,1,通常月曜配送とぷらす便木曜配送
5300028,1,通常月曜配送とぷらす便木曜配送
5300031,4,通常水曜配送とぷらす便月曜配送
5300032,4,通常水曜配送とぷらす便月曜配送
5300033,4,通常水曜配送とぷらす便月曜配送
5300034,4,通常水曜配送とぷらす便月曜配送
5300035,1,通常月曜配送とぷらす便木曜配送
5300036,1,通常月曜配送とぷらす便木曜配送
5300037,17,通常月曜配送とぷらす便木曜配送、または通常金曜配送とぷらす便水曜配送
5300038,1,通常月曜配送とぷらす便木曜配送
5300041,13,通常月曜配送とぷらす便木曜配送、または通常水曜配送とぷらす便月曜配送、または通常木曜配送とぷらす便火曜配送
5300042,1,通常月曜配送とぷらす便木曜配送
5300043,1,通常月曜配送とぷらす便木曜配送
5300044,1,通常月曜配送とぷらす便木曜配送
5300045,1,通常月曜配送とぷらす便木曜配送
5300046,1,通常月曜配送とぷらす便木曜配送
5300047,1,通常月曜配送とぷらす便木曜配送
5300053,1,通常月曜配送とぷらす便木曜配送
5300054,1,通常月曜配送とぷらす便木曜配送
5300055,1,通常月曜配送とぷらす便木曜配送
5310041,5,通常月曜配送とぷらす便木曜配送、または通常水曜配送とぷらす便月曜配送
5310061,5,通常月曜配送とぷらす便木曜配送、または通常水曜配送とぷらす便月曜配送
5310062,4,通常水曜配送とぷらす便月曜配送
5310063,4,通常水曜配送とぷらす便月曜配送
5310064,4,通常水曜配送とぷらす便月曜配送
5310071,1,通常月曜配送とぷらす便木曜配送
5310072,1,通常月曜配送とぷらす便木曜配送
5310073,1,通常月曜配送とぷらす便木曜配送
5310074,1,通常月曜配送とぷらす便木曜配送
5310075,1,通常月曜配送とぷらす便木曜配送
5310076,1,通常月曜配送とぷらす便木曜配送
5310077,1,通常月曜配送とぷらす便木曜配送
5320001,8,通常木曜配送とぷらす便火曜配送
5320002,12,通常水曜配送とぷらす便月曜配送、または通常木曜配送とぷらす便火曜配送
5320003,8,通常木曜配送とぷらす便火曜配送
5320004,12,通常水曜配送とぷらす便月曜配送、または通常木曜配送とぷらす便火曜配送
5320005,8,通常木曜配送とぷらす便火曜配送
5320006,8,通常木曜配送とぷらす便火曜配送
5320011,24,通常木曜配送とぷらす便火曜配送、または通常金曜配送とぷらす便水曜配送
5320012,8,通常木曜配送とぷらす便火曜配送
5320013,8,通常木曜配送とぷらす便火曜配送
5320021,8,通常木曜配送とぷらす便火曜配送
5320022,8,通常木曜配送とぷらす便火曜配送
5320023,8,通常木曜配送とぷらす便火曜配送
5320024,8,通常木曜配送とぷらす便火曜配送
5320025,8,通常木曜配送とぷらす便火曜配送
5320026,8,通常木曜配送とぷらす便火曜配送
5320027,8,通常木曜配送とぷらす便火曜配送
5320028,8,通常木曜配送とぷらす便火曜配送
5320031,8,通常木曜配送とぷらす便火曜配送
5320032,8,通常木曜配送とぷらす便火曜配送
5320033,8,通常木曜配送とぷらす便火曜配送
5320034,8,通常木曜配送とぷらす便火曜配送
5320035,8,通常木曜配送とぷらす便火曜配送
5320036,8,通常木曜配送とぷらす便火曜配送
5330001,1,通常月曜配送とぷらす便木曜配送
5330002,1,通常月曜配送とぷらす便木曜配送
5330003,1,通常月曜配送とぷらす便木曜配送
5330004,1,通常月曜配送とぷらす便木曜配送
5330005,1,通常月曜配送とぷらす便木曜配送
5330006,1,通常月曜配送とぷらす便木曜配送
5330007,1,通常月曜配送とぷらす便木曜配送
5330011,1,通常月曜配送とぷらす便木曜配送
5330012,1,通常月曜配送とぷらす便木曜配送
5330013,1,通常月曜配送とぷらす便木曜配送
5330014,1,通常月曜配送とぷらす便木曜配送
5330015,1,通常月曜配送とぷらす便木曜配送
5330021,1,通常月曜配送とぷらす便木曜配送
5330022,3,通常月曜配送とぷらす便木曜配送、または通常火曜配送とぷらす便金曜配送
5330023,1,通常月曜配送とぷらす便木曜配送
5330024,9,通常月曜配送とぷらす便木曜配送、または通常木曜配送とぷらす便火曜配送
5330031,9,通常月曜配送とぷらす便木曜配送、または通常木曜配送とぷらす便火曜配送
5330032,9,通常月曜配送とぷらす便木曜配送、または通常木曜配送とぷらす便火曜配送
5330033,9,通常月曜配送とぷらす便木曜配送、または通常木曜配送とぷらす便火曜配送
5340001,6,通常火曜配送とぷらす便金曜配送、または通常水曜配送とぷらす便月曜配送
5340002,4,通常水曜配送とぷらす便月曜配送
5340011,4,通常水曜配送とぷらす便月曜配送
5340012,4,通常水曜配送とぷらす便月曜配送
5340013,4,通常水曜配送とぷらす便月曜配送
5340014,4,通常水曜配送とぷらす便月曜配送
5340015,4,通常水曜配送とぷらす便月曜配送
5340016,4,通常水曜配送とぷらす便月曜配送
5340021,4,通常水曜配送とぷらす便月曜配送
5340022,4,通常水曜配送とぷらす便月曜配送
5340023,4,通常水曜配送とぷらす便月曜配送
5340024,4,通常水曜配送とぷらす便月曜配送
5340025,5,通常月曜配送とぷらす便木曜配送、または通常水曜配送とぷらす便月曜配送
5340026,4,通常水曜配送とぷらす便月曜配送
5340027,4,通常水曜配送とぷらす便月曜配送
5350001,20,通常水曜配送とぷらす便月曜配送、または通常金曜配送とぷらす便水曜配送
5350002,4,通常水曜配送とぷらす便月曜配送
5350003,4,通常水曜配送とぷらす便月曜配送
5350004,4,通常水曜配送とぷらす便月曜配送
5350005,4,通常水曜配送とぷらす便月曜配送
5350011,4,通常水曜配送とぷらす便月曜配送
5350012,4,通常水曜配送とぷらす便月曜配送
5350013,4,通常水曜配送とぷらす便月曜配送
5350021,21,通常月曜配送とぷらす便木曜配送、または通常水曜配送とぷらす便月曜配送、または通常金曜配送とぷらす便水曜配送
5350022,20,通常水曜配送とぷらす便月曜配送、または通常金曜配送とぷらす便水曜配送
5350031,4,通常水曜配送とぷらす便月曜配送
5360001,4,通常水曜配送とぷらす便月曜配送
5360002,4,通常水曜配送とぷらす便月曜配送
5360003,4,通常水曜配送とぷらす便月曜配送
5360004,4,通常水曜配送とぷらす便月曜配送
5360005,12,通常水曜配送とぷらす便月曜配送、または通常木曜配送とぷらす便火曜配送
5360006,4,通常水曜配送とぷらす便月曜配送
5360007,4,通常水曜配送とぷらす便月曜配送
5360008,4,通常水曜配送とぷらす便月曜配送
5360011,12,通常水曜配送とぷらす便月曜配送、または通常木曜配送とぷらす便火曜配送
5360012,4,通常水曜配送とぷらす便月曜配送
5360013,4,通常水曜配送とぷらす便月曜配送
5360014,4,通常水曜配送とぷらす便月曜配送
5360015,4,通常水曜配送とぷらす便月曜配送
5360016,4,通常水曜配送とぷらす便月曜配送
5360017,4,通常水曜配送とぷらす便月曜配送
5360021,4,通常水曜配送とぷらす便月曜配送
5360022,4,通常水曜配送とぷらす便月曜配送
5360023,4,通常水曜配送とぷらす便月曜配送
5360024,4,通常水曜配送とぷらす便月曜配送
5360025,4,通常水曜配送とぷらす便月曜配送
5360036,1,通常月曜配送とぷらす便木曜配送
5370001,8,通常木曜配送とぷらす便火曜配送
5370002,8,通常木曜配送とぷらす便火曜配送
5370003,8,通常木曜配送とぷらす便火曜配送
5370011,12,通常水曜配送とぷらす便月曜配送、または通常木曜配送とぷらす便火曜配送
5370012,9,通常月曜配送とぷらす便木曜配送、または通常木曜配送とぷらす便火曜配送
5370013,8,通常木曜配送とぷらす便火曜配送
5370014,1,通常月曜配送とぷらす便木曜配送
5370021,12,通常水曜配送とぷらす便月曜配送、または通常木曜配送とぷらす便火曜配送
5370022,5,通常月曜配送とぷらす便木曜配送、または通常水曜配送とぷらす便月曜配送
5370023,1,通常月曜配送とぷらす便木曜配送
5370024,9,通常月曜配送とぷらす便木曜配送、または通常木曜配送とぷらす便火曜配送
5370025,1,通常月曜配送とぷらす便木曜配送
5370864,1,通常月曜配送とぷらす便木曜配送
5380028,8,通常木曜配送とぷらす便火曜配送
5380031,20,通常水曜配送とぷらす便月曜配送、または通常金曜配送とぷらす便水曜配送
5380032,4,通常水曜配送とぷらす便月曜配送
5380033,4,通常水曜配送とぷらす便月曜配送
5380034,4,通常水曜配送とぷらす便月曜配送
5380035,4,通常水曜配送とぷらす便月曜配送
5380037,12,通常水曜配送とぷらす便月曜配送、または通常木曜配送とぷらす便火曜配送
5380041,4,通常水曜配送とぷらす便月曜配送
5380042,4,通常水曜配送とぷらす便月曜配送
5380043,4,通常水曜配送とぷらす便月曜配送
5380044,4,通常水曜配送とぷらす便月曜配送
5380051,4,通常水曜配送とぷらす便月曜配送
5380052,4,通常水曜配送とぷらす便月曜配送
5380053,4,通常水曜配送とぷらす便月曜配送
5380054,4,通常水曜配送とぷらす便月曜配送
5400003,1,通常月曜配送とぷらす便木曜配送
5400004,1,通常月曜配送とぷらす便木曜配送
5400005,1,通常月曜配送とぷらす便木曜配送
5400006,1,通常月曜配送とぷらす便木曜配送
5400008,1,通常月曜配送とぷらす便木曜配送
5400011,1,通常月曜配送とぷらす便木曜配送
5400012,1,通常月曜配送とぷらす便木曜配送
5400013,1,通常月曜配送とぷらす便木曜配送
5400014,1,通常月曜配送とぷらす便木曜配送
5400015,1,通常月曜配送とぷらす便木曜配送
5400016,1,通常月曜配送とぷらす便木曜配送
5400017,1,通常月曜配送とぷらす便木曜配送
5400018,1,通常月曜配送とぷらす便木曜配送
5400021,1,通常月曜配送とぷらす便木曜配送
5400022,1,通常月曜配送とぷらす便木曜配送
5400023,1,通常月曜配送とぷらす便木曜配送
5400024,1,通常月曜配送とぷらす便木曜配送
5400025,1,通常月曜配送とぷらす便木曜配送
5400026,1,通常月曜配送とぷらす便木曜配送
5400027,1,通常月曜配送とぷらす便木曜配送
5400028,1,通常月曜配送とぷらす便木曜配送
5400029,17,通常月曜配送とぷらす便木曜配送、または通常金曜配送とぷらす便水曜配送
5400031,1,通常月曜配送とぷらす便木曜配送
5400032,1,通常月曜配送とぷらす便木曜配送
5400033,1,通常月曜配送とぷらす便木曜配送
5400034,1,通常月曜配送とぷらす便木曜配送
5400035,1,通常月曜配送とぷらす便木曜配送
5400036,1,通常月曜配送とぷらす便木曜配送
5400037,1,通常月曜配送とぷらす便木曜配送
5400038,1,通常月曜配送とぷらす便木曜配送
5400039,1,通常月曜配送とぷらす便木曜配送
5410041,1,通常月曜配送とぷらす便木曜配送
5410042,1,通常月曜配送とぷらす便木曜配送
5410043,1,通常月曜配送とぷらす便木曜配送
5410044,1,通常月曜配送とぷらす便木曜配送
5410045,1,通常月曜配送とぷらす便木曜配送
5410046,1,通常月曜配送とぷらす便木曜配送
5410047,1,通常月曜配送とぷらす便木曜配送
5410048,1,通常月曜配送とぷらす便木曜配送
5410051,1,通常月曜配送とぷらす便木曜配送
5410052,1,通常月曜配送とぷらす便木曜配送
5410053,1,通常月曜配送とぷらす便木曜配送
5410054,1,通常月曜配送とぷらす便木曜配送
5410056,1,通常月曜配送とぷらす便木曜配送
5410057,1,通常月曜配送とぷらす便木曜配送
5410058,1,通常月曜配送とぷらす便木曜配送
5410059,1,通常月曜配送とぷらす便木曜配送
5420006,1,通常月曜配送とぷらす便木曜配送
5420012,1,通常月曜配送とぷらす便木曜配送
5420061,1,通常月曜配送とぷらす便木曜配送
5420062,1,通常月曜配送とぷらす便木曜配送
5420063,1,通常月曜配送とぷらす便木曜配送
5420064,1,通常月曜配送とぷらす便木曜配送
5420065,1,通常月曜配送とぷらす便木曜配送
5420066,1,通常月曜配送とぷらす便木曜配送
5420067,1,通常月曜配送とぷらす便木曜配送
5420072,1,通常月曜配送とぷらす便木曜配送
5420073,1,通常月曜配送とぷらす便木曜配送
5420075,1,通常月曜配送とぷらす便木曜配送
5420081,1,通常月曜配送とぷらす便木曜配送
5420082,1,通常月曜配送とぷらす便木曜配送
5420083,1,通常月曜配送とぷらす便木曜配送
5420086,1,通常月曜配送とぷらす便木曜配送
5430001,8,通常木曜配送とぷらす便火曜配送
5430002,8,通常木曜配送とぷらす便火曜配送
5430011,8,通常木曜配送とぷらす便火曜配送
5430012,8,通常木曜配送とぷらす便火曜配送
5430013,8,通常木曜配送とぷらす便火曜配送
5430014,8,通常木曜配送とぷらす便火曜配送
5430015,8,通常木曜配送とぷらす便火曜配送
5430016,8,通常木曜配送とぷらす便火曜配送
5430017,8,通常木曜配送とぷらす便火曜配送
5430018,8,通常木曜配送とぷらす便火曜配送
5430021,8,通常木曜配送とぷらす便火曜配送
5430022,8,通常木曜配送とぷらす便火曜配送
5430023,8,通常木曜配送とぷらす便火曜配送
5430024,8,通常木曜配送とぷらす便火曜配送
5430026,8,通常木曜配送とぷらす便火曜配送
5430027,8,通常木曜配送とぷらす便火曜配送
5430028,8,通常木曜配送とぷらす便火曜配送
5430031,8,通常木曜配送とぷらす便火曜配送
5430032,8,通常木曜配送とぷらす便火曜配送
5430033,9,通常月曜配送とぷらす便木曜配送、または通常木曜配送とぷらす便火曜配送
5430034,8,通常木曜配送とぷらす便火曜配送
5430035,8,通常木曜配送とぷらす便火曜配送
5430036,8,通常木曜配送とぷらす便火曜配送
5430037,8,通常木曜配送とぷらす便火曜配送
5430041,8,通常木曜配送とぷらす便火曜配送
5430042,8,通常木曜配送とぷらす便火曜配送
5430043,8,通常木曜配送とぷらす便火曜配送
5430044,8,通常木曜配送とぷらす便火曜配送
5430045,8,通常木曜配送とぷらす便火曜配送
5430051,8,通常木曜配送とぷらす便火曜配送
5430052,8,通常木曜配送とぷらす便火曜配送
5430053,8,通常木曜配送とぷらす便火曜配送
5430054,8,通常木曜配送とぷらす便火曜配送
5430055,8,通常木曜配送とぷらす便火曜配送
5430056,8,通常木曜配送とぷらす便火曜配送
5430062,8,通常木曜配送とぷらす便火曜配送
5430063,8,通常木曜配送とぷらす便火曜配送
5430071,8,通常木曜配送とぷらす便火曜配送
5430072,8,通常木曜配送とぷらす便火曜配送
5430073,8,通常木曜配送とぷらす便火曜配送
5430074,8,通常木曜配送とぷらす便火曜配送
5430075,8,通常木曜配送とぷらす便火曜配送
5430076,8,通常木曜配送とぷらす便火曜配送
5440001,8,通常木曜配送とぷらす便火曜配送
5440002,8,通常木曜配送とぷらす便火曜配送
5440003,8,通常木曜配送とぷらす便火曜配送
5440004,8,通常木曜配送とぷらす便火曜配送
5440005,8,通常木曜配送とぷらす便火曜配送
5440006,8,通常木曜配送とぷらす便火曜配送
5440011,8,通常木曜配送とぷらす便火曜配送
5440012,8,通常木曜配送とぷらす便火曜配送
5440013,8,通常木曜配送とぷらす便火曜配送
5440014,8,通常木曜配送とぷらす便火曜配送
5440015,8,通常木曜配送とぷらす便火曜配送
5440021,24,通常木曜配送とぷらす便火曜配送、または通常金曜配送とぷらす便水曜配送
5440022,8,通常木曜配送とぷらす便火曜配送
5440023,8,通常木曜配送とぷらす便火曜配送
5440024,8,通常木曜配送とぷらす便火曜配送
5440025,8,通常木曜配送とぷらす便火曜配送
5440031,1,通常月曜配送とぷらす便木曜配送
5440032,1,通常月曜配送とぷらす便木曜配送
5440033,9,通常月曜配送とぷらす便木曜配送、または通常木曜配送とぷらす便火曜配送
5440034,1,通常月曜配送とぷらす便木曜配送
5450001,8,通常木曜配送とぷらす便火曜配送
5450002,8,通常木曜配送とぷらす便火曜配送
5450003,8,通常木曜配送とぷらす便火曜配送
5450004,8,通常木曜配送とぷらす便火曜配送
5450005,8,通常木曜配送とぷらす便火曜配送
5450011,8,通常木曜配送とぷらす便火曜配送
5450012,8,通常木曜配送とぷらす便火曜配送
5450013,8,通常木曜配送とぷらす便火曜配送
5450014,8,通常木曜配送とぷらす便火曜配送
5450021,8,通常木曜配送とぷらす便火曜配送
5450022,8,通常木曜配送とぷらす便火曜配送
5450023,8,通常木曜配送とぷらす便火曜配送
5450031,8,通常木曜配送とぷらす便火曜配送
5450032,8,通常木曜配送とぷらす便火曜配送
5450033,8,通常木曜配送とぷらす便火曜配送
5450034,8,通常木曜配送とぷらす便火曜配送
5450035,8,通常木曜配送とぷらす便火曜配送
5450036,8,通常木曜配送とぷらす便火曜配送
5450037,8,通常木曜配送とぷらす便火曜配送
5450041,8,通常木曜配送とぷらす便火曜配送
5450042,8,通常木曜配送とぷらす便火曜配送
5450043,8,通常木曜配送とぷらす便火曜配送
5450051,8,通常木曜配送とぷらす便火曜配送
5450052,24,通常木曜配送とぷらす便火曜配送、または通常金曜配送とぷらす便水曜配送
5450053,8,通常木曜配送とぷらす便火曜配送
5460002,8,通常木曜配送とぷらす便火曜配送
5460003,8,通常木曜配送とぷらす便火曜配送
5460011,8,通常木曜配送とぷらす便火曜配送
5460012,8,通常木曜配送とぷらす便火曜配送
5460013,8,通常木曜配送とぷらす便火曜配送
5460014,8,通常木曜配送とぷらす便火曜配送
5460021,8,通常木曜配送とぷらす便火曜配送
5460022,8,通常木曜配送とぷらす便火曜配送
5460023,12,通常水曜配送とぷらす便月曜配送、または通常木曜配送とぷらす便火曜配送
5460024,24,通常木曜配送とぷらす便火曜配送、または通常金曜配送とぷらす便水曜配送
5460031,8,通常木曜配送とぷらす便火曜配送
5460032,8,通常木曜配送とぷらす便火曜配送
5460033,12,通常水曜配送とぷらす便月曜配送、または通常木曜配送とぷらす便火曜配送
5460035,8,通常木曜配送とぷらす便火曜配送
5460041,8,通常木曜配送とぷらす便火曜配送
5460042,8,通常木曜配送とぷらす便火曜配送
5460043,8,通常木曜配送とぷらす便火曜配送
5460044,8,通常木曜配送とぷらす便火曜配送
5470001,8,通常木曜配送とぷらす便火曜配送
5470002,8,通常木曜配送とぷらす便火曜配送
5470003,8,通常木曜配送とぷらす便火曜配送
5470004,8,通常木曜配送とぷらす便火曜配送
5470005,8,通常木曜配送とぷらす便火曜配送
5470006,8,通常木曜配送とぷらす便火曜配送
5470011,12,通常水曜配送とぷらす便月曜配送、または通常木曜配送とぷらす便火曜配送
5470012,4,通常水曜配送とぷらす便月曜配送
5470013,4,通常水曜配送とぷらす便月曜配送
5470014,12,通常水曜配送とぷらす便月曜配送、または通常木曜配送とぷらす便火曜配送
5470015,8,通常木曜配送とぷらす便火曜配送
5470016,8,通常木曜配送とぷらす便火曜配送
5470021,8,通常木曜配送とぷらす便火曜配送
5470022,8,通常木曜配送とぷらす便火曜配送
5470024,8,通常木曜配送とぷらす便火曜配送
5470025,8,通常木曜配送とぷらす便火曜配送
5470026,8,通常木曜配送とぷらす便火曜配送
5470027,8,通常木曜配送とぷらす便火曜配送
5470031,8,通常木曜配送とぷらす便火曜配送
5470032,8,通常木曜配送とぷらす便火曜配送
5470033,8,通常木曜配送とぷらす便火曜配送
5470034,8,通常木曜配送とぷらす便火曜配送
5470035,8,通常木曜配送とぷらす便火曜配送
5470041,8,通常木曜配送とぷらす便火曜配送
5470042,8,通常木曜配送とぷらす便火曜配送
5470043,8,通常木曜配送とぷらす便火曜配送
5470044,8,通常木曜配送とぷらす便火曜配送
5470045,8,通常木曜配送とぷらす便火曜配送
5470046,8,通常木曜配送とぷらす便火曜配送
5470047,8,通常木曜配送とぷらす便火曜配送
5470048,8,通常木曜配送とぷらす便火曜配送
5500001,1,通常月曜配送とぷらす便木曜配送
5500002,1,通常月曜配送とぷらす便木曜配送
5500003,13,通常月曜配送とぷらす便木曜配送、または通常水曜配送とぷらす便月曜配送、または通常木曜配送とぷらす便火曜配送
5500004,1,通常月曜配送とぷらす便木曜配送
5500005,1,通常月曜配送とぷらす便木曜配送
5500006,1,通常月曜配送とぷらす便木曜配送
5500012,1,通常月曜配送とぷらす便木曜配送
5500013,1,通常月曜配送とぷらす便木曜配送
5500014,9,通常月曜配送とぷらす便木曜配送、または通常木曜配送とぷらす便火曜配送
5500015,1,通常月曜配送とぷらす便木曜配送
5500021,1,通常月曜配送とぷらす便木曜配送
5500022,1,通常月曜配送とぷらす便木曜配送
5500023,1,通常月曜配送とぷらす便木曜配送
5500024,1,通常月曜配送とぷらす便木曜配送
5500025,1,通常月曜配送とぷらす便木曜配送
5500027,1,通常月曜配送とぷらす便木曜配送
5505500,1,通常月曜配送とぷらす便木曜配送
5510001,8,通常木曜配送とぷらす便火曜配送
5510002,8,通常木曜配送とぷらす便火曜配送
5510003,8,通常木曜配送とぷらす便火曜配送
5510011,8,通常木曜配送とぷらす便火曜配送
5510012,8,通常木曜配送とぷらす便火曜配送
5510013,8,通常木曜配送とぷらす便火曜配送
5510021,8,通常木曜配送とぷらす便火曜配送
5510023,8,通常木曜配送とぷらす便火曜配送
5510031,8,通常木曜配送とぷらす便火曜配送
5510032,8,通常木曜配送とぷらす便火曜配送
5510033,8,通常木曜配送とぷらす便火曜配送
5520001,8,通常木曜配送とぷらす便火曜配送
5520002,8,通常木曜配送とぷらす便火曜配送
5520003,8,通常木曜配送とぷらす便火曜配送
5520004,8,通常木曜配送とぷらす便火曜配送
5520005,8,通常木曜配送とぷらす便火曜配送
5520007,8,通常木曜配送とぷらす便火曜配送
5520011,8,通常木曜配送とぷらす便火曜配送
5520012,8,通常木曜配送とぷらす便火曜配送
5520014,8,通常木曜配送とぷらす便火曜配送
5520015,8,通常木曜配送とぷらす便火曜配送
5520016,8,通常木曜配送とぷらす便火曜配送
5520021,8,通常木曜配送とぷらす便火曜配送
5520023,8,通常木曜配送とぷらす便火曜配送
5530001,8,通常木曜配送とぷらす便火曜配送
5530002,8,通常木曜配送とぷらす便火曜配送
5530003,8,通常木曜配送とぷらす便火曜配送
5530004,8,通常木曜配送とぷらす便火曜配送
5530005,24,通常木曜配送とぷらす便火曜配送、または通常金曜配送とぷらす便水曜配送
5530006,8,通常木曜配送とぷらす便火曜配送
5530007,8,通常木曜配送とぷらす便火曜配送
5530012,1,通常月曜配送とぷらす便木曜配送
5540001,8,通常木曜配送とぷらす便火曜配送
5540002,8,通常木曜配送とぷらす便火曜配送
5540011,8,通常木曜配送とぷらす便火曜配送
5540012,8,通常木曜配送とぷらす便火曜配送
5540013,8,通常木曜配送とぷらす便火曜配送
5540014,8,通常木曜配送とぷらす便火曜配送
5540021,8,通常木曜配送とぷらす便火曜配送
5540022,8,通常木曜配送とぷらす便火曜配送
5540023,8,通常木曜配送とぷらす便火曜配送
5540024,10,通常火曜配送とぷらす便金曜配送、または通常木曜配送とぷらす便火曜配送
5540051,8,通常木曜配送とぷらす便火曜配送
5544000,8,通常木曜配送とぷらす便火曜配送
5550001,9,通常月曜配送とぷらす便木曜配送、または通常木曜配送とぷらす便火曜配送
5550011,8,通常木曜配送とぷらす便火曜配送
5550012,8,通常木曜配送とぷらす便火曜配送
5550013,8,通常木曜配送とぷらす便火曜配送
5550021,8,通常木曜配送とぷらす便火曜配送
5550022,8,通常木曜配送とぷらす便火曜配送
5550023,8,通常木曜配送とぷらす便火曜配送
5550024,12,通常水曜配送とぷらす便月曜配送、または通常木曜配送とぷらす便火曜配送
5550025,8,通常木曜配送とぷらす便火曜配送
5550031,8,通常木曜配送とぷらす便火曜配送
5550032,8,通常木曜配送とぷらす便火曜配送
5550033,8,通常木曜配送とぷらす便火曜配送
5550034,8,通常木曜配送とぷらす便火曜配送
5550041,8,通常木曜配送とぷらす便火曜配送
5550043,8,通常木曜配送とぷらす便火曜配送
5550044,8,通常木曜配送とぷらす便火曜配送
5560001,8,通常木曜配送とぷらす便火曜配送
5560003,8,通常木曜配送とぷらす便火曜配送
5560005,8,通常木曜配送とぷらす便火曜配送
5560006,8,通常木曜配送とぷらす便火曜配送
5560011,13,通常月曜配送とぷらす便木曜配送、または通常水曜配送とぷらす便月曜配送、または通常木曜配送とぷらす便火曜配送
5560012,8,通常木曜配送とぷらす便火曜配送
5560013,8,通常木曜配送とぷらす便火曜配送
5560014,8,通常木曜配送とぷらす便火曜配送
5560015,8,通常木曜配送とぷらす便火曜配送
5560016,8,通常木曜配送とぷらす便火曜配送
5560017,8,通常木曜配送とぷらす便火曜配送
5560020,8,通常木曜配送とぷらす便火曜配送
5560021,8,通常木曜配送とぷらす便火曜配送
5560022,8,通常木曜配送とぷらす便火曜配送
5560023,8,通常木曜配送とぷらす便火曜配送
5560024,8,通常木曜配送とぷらす便火曜配送
5560025,8,通常木曜配送とぷらす便火曜配送
5560026,8,通常木曜配送とぷらす便火曜配送
5560027,8,通常木曜配送とぷらす便火曜配送
5560028,8,通常木曜配送とぷらす便火曜配送
5560029,8,通常木曜配送とぷらす便火曜配送
5570001,8,通常木曜配送とぷらす便火曜配送
5570011,24,通常木曜配送とぷらす便火曜配送、または通常金曜配送とぷらす便水曜配送
5570012,8,通常木曜配送とぷらす便火曜配送
5570013,8,通常木曜配送とぷらす便火曜配送
5570014,8,通常木曜配送とぷらす便火曜配送
5570016,8,通常木曜配送とぷらす便火曜配送
5570021,8,通常木曜配送とぷらす便火曜配送
5570023,8,通常木曜配送とぷらす便火曜配送
5570024,8,通常木曜配送とぷらす便火曜配送
5570025,8,通常木曜配送とぷらす便火曜配送
5570031,8,通常木曜配送とぷらす便火曜配送
5570032,8,通常木曜配送とぷらす便火曜配送
5570033,8,通常木曜配送とぷらす便火曜配送
5570034,8,通常木曜配送とぷらす便火曜配送
5570041,8,通常木曜配送とぷらす便火曜配送
5570042,8,通常木曜配送とぷらす便火曜配送
5570043,8,通常木曜配送とぷらす便火曜配送
5570044,8,通常木曜配送とぷらす便火曜配送
5570045,8,通常木曜配送とぷらす便火曜配送
5570051,8,通常木曜配送とぷらす便火曜配送
5570052,8,通常木曜配送とぷらす便火曜配送
5570053,8,通常木曜配送とぷらす便火曜配送
5570054,8,通常木曜配送とぷらす便火曜配送
5570055,8,通常木曜配送とぷらす便火曜配送
5570061,8,通常木曜配送とぷらす便火曜配送
5570062,8,通常木曜配送とぷらす便火曜配送
5570063,8,通常木曜配送とぷらす便火曜配送
5580001,12,通常水曜配送とぷらす便月曜配送、または通常木曜配送とぷらす便火曜配送
5580002,12,通常水曜配送とぷらす便月曜配送、または通常木曜配送とぷらす便火曜配送
5580003,12,通常水曜配送とぷらす便月曜配送、または通常木曜配送とぷらす便火曜配送
5580004,12,通常水曜配送とぷらす便月曜配送、または通常木曜配送とぷらす便火曜配送
5580011,4,通常水曜配送とぷらす便月曜配送
5580012,4,通常水曜配送とぷらす便月曜配送
5580013,4,通常水曜配送とぷらす便月曜配送
5580014,4,通常水曜配送とぷらす便月曜配送
5580015,4,通常水曜配送とぷらす便月曜配送
5580021,4,通常水曜配送とぷらす便月曜配送
5580022,4,通常水曜配送とぷらす便月曜配送
5580023,4,通常水曜配送とぷらす便月曜配送
5580024,4,通常水曜配送とぷらす便月曜配送
5580031,4,通常水曜配送とぷらす便月曜配送
5580032,4,通常水曜配送とぷらす便月曜配送
5580033,4,通常水曜配送とぷらす便月曜配送
5580041,12,通常水曜配送とぷらす便月曜配送、または通常木曜配送とぷらす便火曜配送
5580042,4,通常水曜配送とぷらす便月曜配送
5580043,4,通常水曜配送とぷらす便月曜配送
5580044,4,通常水曜配送とぷらす便月曜配送
5580045,4,通常水曜配送とぷらす便月曜配送
5580046,12,通常水曜配送とぷらす便月曜配送、または通常木曜配送とぷらす便火曜配送
5580047,4,通常水曜配送とぷらす便月曜配送
5580051,4,通常水曜配送とぷらす便月曜配送
5580052,4,通常水曜配送とぷらす便月曜配送
5580053,4,通常水曜配送とぷらす便月曜配送
5580054,4,通常水曜配送とぷらす便月曜配送
5580055,12,通常水曜配送とぷらす便月曜配送、または通常木曜配送とぷらす便火曜配送
5580056,28,通常水曜配送とぷらす便月曜配送、または通常木曜配送とぷらす便火曜配送、または通常金曜配送とぷらす便水曜配送
5590001,4,通常水曜配送とぷらす便月曜配送
5590002,4,通常水曜配送とぷらす便月曜配送
5590003,4,通常水曜配送とぷらす便月曜配送
5590004,4,通常水曜配送とぷらす便月曜配送
5590005,4,通常水曜配送とぷらす便月曜配送
5590006,4,通常水曜配送とぷらす便月曜配送
5590007,12,通常水曜配送とぷらす便月曜配送、または通常木曜配送とぷらす便火曜配送
5590011,4,通常水曜配送とぷらす便月曜配送
5590012,4,通常水曜配送とぷらす便月曜配送
5590013,4,通常水曜配送とぷらす便月曜配送
5590014,4,通常水曜配送とぷらす便月曜配送
5590015,4,通常水曜配送とぷらす便月曜配送
5590016,4,通常水曜配送とぷらす便月曜配送
5590017,4,通常水曜配送とぷらす便月曜配送
5590021,4,通常水曜配送とぷらす便月曜配送
5590022,4,通常水曜配送とぷらす便月曜配送
5590024,4,通常水曜配送とぷらす便月曜配送
5590025,4,通常水曜配送とぷらす便月曜配送
5590033,4,通常水曜配送とぷらす便月曜配送
5590034,4,通常水曜配送とぷらす便月曜配送
5599003,4,通常水曜配送とぷらす便月曜配送
5600001,4,通常水曜配送とぷらす便月曜配送
5600002,4,通常水曜配送とぷらす便月曜配送
5600003,4,通常水曜配送とぷらす便月曜配送
5600004,16,通常金曜配送とぷらす便水曜配送
5600005,20,通常水曜配送とぷらす便月曜配送、または通常金曜配送とぷらす便水曜配送
5600011,16,通常金曜配送とぷらす便水曜配送
5600012,4,通常水曜配送とぷらす便月曜配送
5600013,20,通常水曜配送とぷらす便月曜配送、または通常金曜配送とぷらす便水曜配送
5600014,12,通常水曜配送とぷらす便月曜配送、または通常木曜配送とぷらす便火曜配送
5600015,16,通常金曜配送とぷらす便水曜配送
5600016,16,通常金曜配送とぷらす便水曜配送
5600021,24,通常木曜配送とぷらす便火曜配送、または通常金曜配送とぷらす便水曜配送
5600022,16,通常金曜配送とぷらす便水曜配送
5600023,16,通常金曜配送とぷらす便水曜配送
5600024,17,通常月曜配送とぷらす便木曜配送、または通常金曜配送とぷらす便水曜配送
5600025,16,通常金曜配送とぷらす便水曜配送
5600026,16,通常金曜配送とぷらす便水曜配送
5600031,16,通常金曜配送とぷらす便水曜配送
5600032,16,通常金曜配送とぷらす便水曜配送
5600033,16,通常金曜配送とぷらす便水曜配送
5600034,16,通常金曜配送とぷらす便水曜配送
5600035,16,通常金曜配送とぷらす便水曜配送
5600036,16,通常金曜配送とぷらす便水曜配送
5600041,16,通常金曜配送とぷらす便水曜配送
5600043,16,通常金曜配送とぷらす便水曜配送
5600044,16,通常金曜配送とぷらす便水曜配送
5600045,20,通常水曜配送とぷらす便月曜配送、または通常金曜配送とぷらす便水曜配送
5600046,16,通常金曜配送とぷらす便水曜配送
5600051,20,通常水曜配送とぷらす便月曜配送、または通常金曜配送とぷらす便水曜配送
5600052,20,通常水曜配送とぷらす便月曜配送、または通常金曜配送とぷらす便水曜配送
5600053,16,通常金曜配送とぷらす便水曜配送
5600054,16,通常金曜配送とぷらす便水曜配送
5600055,16,通常金曜配送とぷらす便水曜配送
5600056,16,通常金曜配送とぷらす便水曜配送
5600081,4,通常水曜配送とぷらす便月曜配送
5600082,12,通常水曜配送とぷらす便月曜配送、または通常木曜配送とぷらす便火曜配送
5600083,4,通常水曜配送とぷらす便月曜配送
5600084,4,通常水曜配送とぷらす便月曜配送
5600085,6,通常火曜配送とぷらす便金曜配送、または通常水曜配送とぷらす便月曜配送
5600871,1,通常月曜配送とぷらす便木曜配送
5600872,1,通常月曜配送とぷらす便木曜配送
5600875,8,通常木曜配送とぷらす便火曜配送
5600883,2,通常火曜配送とぷらす便金曜配送
5610011,16,通常金曜配送とぷらす便水曜配送
5610533,8,通常木曜配送とぷらす便火曜配送
5610801,2,通常火曜配送とぷらす便金曜配送
5610802,10,通常火曜配送とぷらす便金曜配送、または通常木曜配送とぷらす便火曜配送
5610803,8,通常木曜配送とぷらす便火曜配送
5610804,8,通常木曜配送とぷらす便火曜配送
5610808,2,通常火曜配送とぷらす便金曜配送
5610811,9,通常月曜配送とぷらす便木曜配送、または通常木曜配送とぷらす便火曜配送
5610812,8,通常木曜配送とぷらす便火曜配送
5610813,8,通常木曜配送とぷらす便火曜配送
5610814,8,通常木曜配送とぷらす便火曜配送
5610815,8,通常木曜配送とぷらす便火曜配送
5610816,8,通常木曜配送とぷらす便火曜配送
5610817,8,通常木曜配送とぷらす便火曜配送
5610821,8,通常木曜配送とぷらす便火曜配送
5610822,8,通常木曜配送とぷらす便火曜配送
5610824,8,通常木曜配送とぷらす便火曜配送
5610825,8,通常木曜配送とぷらす便火曜配送
5610826,8,通常木曜配送とぷらす便火曜配送
5610827,8,通常木曜配送とぷらす便火曜配送
5610828,8,通常木曜配送とぷらす便火曜配送
5610831,8,通常木曜配送とぷらす便火曜配送
5610832,8,通常木曜配送とぷらす便火曜配送
5610833,8,通常木曜配送とぷらす便火曜配送
5610834,8,通常木曜配送とぷらす便火曜配送
5610835,8,通常木曜配送とぷらす便火曜配送
5610843,8,通常木曜配送とぷらす便火曜配送
5610844,8,通常木曜配送とぷらす便火曜配送
5610845,8,通常木曜配送とぷらす便火曜配送
5610846,8,通常木曜配送とぷらす便火曜配送
5610851,8,通常木曜配送とぷらす便火曜配送
5610852,8,通常木曜配送とぷらす便火曜配送
5610853,8,通常木曜配送とぷらす便火曜配送
5610854,8,通常木曜配送とぷらす便火曜配送
5610855,8,通常木曜配送とぷらす便火曜配送
5610856,8,通常木曜配送とぷらす便火曜配送
5610857,8,通常木曜配送とぷらす便火曜配送
5610858,8,通常木曜配送とぷらす便火曜配送
5610859,8,通常木曜配送とぷらす便火曜配送
5610861,12,通常水曜配送とぷらす便月曜配送、または通常木曜配送とぷらす便火曜配送
5610862,4,通常水曜配送とぷらす便月曜配送
5610864,4,通常水曜配送とぷらす便月曜配送
5610865,4,通常水曜配送とぷらす便月曜配送
5610871,1,通常月曜配送とぷらす便木曜配送
5610872,1,通常月曜配送とぷらす便木曜配送
5610873,4,通常水曜配送とぷらす便月曜配送
5610874,12,通常水曜配送とぷらす便月曜配送、または通常木曜配送とぷらす便火曜配送
5610875,12,通常水曜配送とぷらす便月曜配送、または通常木曜配送とぷらす便火曜配送
5610881,22,通常火曜配送とぷらす便金曜配送、または通常水曜配送とぷらす便月曜配送、または通常金曜配送とぷらす便水曜配送
5610882,14,通常火曜配送とぷらす便金曜配送、または通常水曜配送とぷらす便月曜配送、または通常木曜配送とぷらす便火曜配送
5610883,2,通常火曜配送とぷらす便金曜配送
5610884,16,通常金曜配送とぷらす便水曜配送
5610885,16,通常金曜配送とぷらす便水曜配送
5610891,16,通常金曜配送とぷらす便水曜配送
5610892,16,通常金曜配送とぷらす便水曜配送
5610893,16,通常金曜配送とぷらす便水曜配送
5610894,16,通常金曜配送とぷらす便水曜配送
5620001,4,通常水曜配送とぷらす便月曜配送
5620003,4,通常水曜配送とぷらす便月曜配送
5620004,5,通常月曜配送とぷらす便木曜配送、または通常水曜配送とぷらす便月曜配送
5620005,4,通常水曜配送とぷらす便月曜配送
5620006,12,通常水曜配送とぷらす便月曜配送、または通常木曜配送とぷらす便火曜配送
5620011,4,通常水曜配送とぷらす便月曜配送
5620012,6,通常火曜配送とぷらす便金曜配送、または通常水曜配送とぷらす便月曜配送
5620013,4,通常水曜配送とぷらす便月曜配送
5620014,4,通常水曜配送とぷらす便月曜配送
5620015,4,通常水曜配送とぷらす便月曜配送
5620022,2,通常火曜配送とぷらす便金曜配送
5620023,2,通常火曜配送とぷらす便金曜配送
5620024,2,通常火曜配送とぷらす便金曜配送
5620025,2,通常火曜配送とぷらす便金曜配送
5620026,2,通常火曜配送とぷらす便金曜配送
5620027,2,通常火曜配送とぷらす便金曜配送
5620028,2,通常火曜配送とぷらす便金曜配送
5620029,2,通常火曜配送とぷらす便金曜配送
5620031,2,通常火曜配送とぷらす便金曜配送
5620032,2,通常火曜配送とぷらす便金曜配送
5620033,6,通常火曜配送とぷらす便金曜配送、または通常水曜配送とぷらす便月曜配送
5620034,20,通常水曜配送とぷらす便月曜配送、または通常金曜配送とぷらす便水曜配送
5620035,4,通常水曜配送とぷらす便月曜配送
5620036,4,通常水曜配送とぷらす便月曜配送
5620041,4,通常水曜配送とぷらす便月曜配送
5620042,4,通常水曜配送とぷらす便月曜配送
5620043,20,通常水曜配送とぷらす便月曜配送、または通常金曜配送とぷらす便水曜配送
5620044,20,通常水曜配送とぷらす便月曜配送、または通常金曜配送とぷらす便水曜配送
5620045,20,通常水曜配送とぷらす便月曜配送、または通常金曜配送とぷらす便水曜配送
5620046,4,通常水曜配送とぷらす便月曜配送
5630021,4,通常水曜配送とぷらす便月曜配送
5630022,4,通常水曜配送とぷらす便月曜配送
5630023,4,通常水曜配送とぷらす便月曜配送
5630024,4,通常水曜配送とぷらす便月曜配送
5630025,20,通常水曜配送とぷらす便月曜配送、または通常金曜配送とぷらす便水曜配送
5630026,4,通常水曜配送とぷらす便月曜配送
5630027,4,通常水曜配送とぷらす便月曜配送
5630028,4,通常水曜配送とぷらす便月曜配送
5630029,4,通常水曜配送とぷらす便月曜配送
5630031,16,通常金曜配送とぷらす便水曜配送
5630032,20,通常水曜配送とぷらす便月曜配送、または通常金曜配送とぷらす便水曜配送
5630033,20,通常水曜配送とぷらす便月曜配送、または通常金曜配送とぷらす便水曜配送
5630035,16,通常金曜配送とぷらす便水曜配送
5630036,16,通常金曜配送とぷらす便水曜配送
5630037,4,通常水曜配送とぷらす便月曜配送
5630038,22,通常火曜配送とぷらす便金曜配送、または通常水曜配送とぷらす便月曜配送、または通常金曜配送とぷらす便水曜配送
5630041,20,通常水曜配送とぷらす便月曜配送、または通常金曜配送とぷらす便水曜配送
5630042,4,通常水曜配送とぷらす便月曜配送
5630043,20,通常水曜配送とぷらす便月曜配送、または通常金曜配送とぷらす便水曜配送
5630045,16,通常金曜配送とぷらす便水曜配送
5630046,16,通常金曜配送とぷらす便水曜配送
5630047,16,通常金曜配送とぷらす便水曜配送
5630048,16,通常金曜配送とぷらす便水曜配送
5630050,4,通常水曜配送とぷらす便月曜配送
5630051,4,通常水曜配送とぷらす便月曜配送
5630052,4,通常水曜配送とぷらす便月曜配送
5630053,4,通常水曜配送とぷらす便月曜配送
5630054,4,通常水曜配送とぷらす便月曜配送
5630055,4,通常水曜配送とぷらす便月曜配送
5630057,16,通常金曜配送とぷらす便水曜配送
5630058,4,通常水曜配送とぷらす便月曜配送
5630059,20,通常水曜配送とぷらす便月曜配送、または通常金曜配送とぷらす便水曜配送
5640001,1,通常月曜配送とぷらす便木曜配送
5640002,1,通常月曜配送とぷらす便木曜配送
5640003,1,通常月曜配送とぷらす便木曜配送
5640004,1,通常月曜配送とぷらす便木曜配送
5640011,1,通常月曜配送とぷらす便木曜配送
5640012,1,通常月曜配送とぷらす便木曜配送
5640013,1,通常月曜配送とぷらす便木曜配送
5640014,1,通常月曜配送とぷらす便木曜配送
5640015,1,通常月曜配送とぷらす便木曜配送
5640022,1,通常月曜配送とぷらす便木曜配送
5640023,1,通常月曜配送とぷらす便木曜配送
5640024,1,通常月曜配送とぷらす便木曜配送
5640025,1,通常月曜配送とぷらす便木曜配送
5640026,1,通常月曜配送とぷらす便木曜配送
5640027,1,通常月曜配送とぷらす便木曜配送
5640028,1,通常月曜配送とぷらす便木曜配送
5640031,1,通常月曜配送とぷらす便木曜配送
5640032,3,通常月曜配送とぷらす便木曜配送、または通常火曜配送とぷらす便金曜配送
5640033,1,通常月曜配送とぷらす便木曜配送
5640035,1,通常月曜配送とぷらす便木曜配送
5640036,1,通常月曜配送とぷらす便木曜配送
5640037,1,通常月曜配送とぷらす便木曜配送
5640038,1,通常月曜配送とぷらす便木曜配送
5640039,1,通常月曜配送とぷらす便木曜配送
5640041,1,通常月曜配送とぷらす便木曜配送
5640042,1,通常月曜配送とぷらす便木曜配送
5640043,1,通常月曜配送とぷらす便木曜配送
5640044,1,通常月曜配送とぷらす便木曜配送
5640045,1,通常月曜配送とぷらす便木曜配送
5640051,8,通常木曜配送とぷらす便火曜配送
5640052,1,通常月曜配送とぷらす便木曜配送
5640053,8,通常木曜配送とぷらす便火曜配送
5640054,8,通常木曜配送とぷらす便火曜配送
5640061,1,通常月曜配送とぷらす便木曜配送
5640062,9,通常月曜配送とぷらす便木曜配送、または通常木曜配送とぷらす便火曜配送
5640063,9,通常月曜配送とぷらす便木曜配送、または通常木曜配送とぷらす便火曜配送
5640072,1,通常月曜配送とぷらす便木曜配送
5640073,1,通常月曜配送とぷらす便木曜配送
5640081,1,通常月曜配送とぷらす便木曜配送
5640082,1,通常月曜配送とぷらす便木曜配送
5640083,1,通常月曜配送とぷらす便木曜配送
5650014,1,通常月曜配送とぷらす便木曜配送
5650072,1,通常月曜配送とぷらす便木曜配送
5650081,4,通常水曜配送とぷらす便月曜配送
5650082,4,通常水曜配送とぷらす便月曜配送
5650083,4,通常水曜配送とぷらす便月曜配送
5650084,4,通常水曜配送とぷらす便月曜配送
5650085,4,通常水曜配送とぷらす便月曜配送
5650801,2,通常火曜配送とぷらす便金曜配送
5650802,18,通常火曜配送とぷらす便金曜配送、または通常金曜配送とぷらす便水曜配送
5650803,2,通常火曜配送とぷらす便金曜配送
5650804,2,通常火曜配送とぷらす便金曜配送
5650805,2,通常火曜配送とぷらす便金曜配送
5650806,2,通常火曜配送とぷらす便金曜配送
5650811,2,通常火曜配送とぷらす便金曜配送
5650812,3,通常月曜配送とぷらす便木曜配送、または通常火曜配送とぷらす便金曜配送
5650813,3,通常月曜配送とぷらす便木曜配送、または通常火曜配送とぷらす便金曜配送
5650814,3,通常月曜配送とぷらす便木曜配送、または通常火曜配送とぷらす便金曜配送
5650815,2,通常火曜配送とぷらす便金曜配送
5650816,1,通常月曜配送とぷらす便木曜配送
5650817,1,通常月曜配送とぷらす便木曜配送
5650818,1,通常月曜配送とぷらす便木曜配送
5650821,2,通常火曜配送とぷらす便金曜配送
5650822,1,通常月曜配送とぷらす便木曜配送
5650823,1,通常月曜配送とぷらす便木曜配送
5650824,2,通常火曜配送とぷらす便金曜配送
5650825,2,通常火曜配送とぷらす便金曜配送
5650831,2,通常火曜配送とぷらす便金曜配送
5650832,2,通常火曜配送とぷらす便金曜配送
5650833,2,通常火曜配送とぷらす便金曜配送
5650834,2,通常火曜配送とぷらす便金曜配送
5650835,1,通常月曜配送とぷらす便木曜配送
5650836,3,通常月曜配送とぷらす便木曜配送、または通常火曜配送とぷらす便金曜配送
5650837,1,通常月曜配送とぷらす便木曜配送
5650841,1,通常月曜配送とぷらす便木曜配送
5650842,1,通常月曜配送とぷらす便木曜配送
5650843,1,通常月曜配送とぷらす便木曜配送
5650844,1,通常月曜配送とぷらす便木曜配送
5650845,1,通常月曜配送とぷらす便木曜配送
5650846,1,通常月曜配送とぷらす便木曜配送
5650847,1,通常月曜配送とぷらす便木曜配送
5650848,9,通常月曜配送とぷらす便木曜配送、または通常木曜配送とぷらす便火曜配送
5650851,1,通常月曜配送とぷらす便木曜配送
5650852,3,通常月曜配送とぷらす便木曜配送、または通常火曜配送とぷらす便金曜配送
5650853,7,通常月曜配送とぷらす便木曜配送、または通常火曜配送とぷらす便金曜配送、または通常水曜配送とぷらす便月曜配送
5650854,6,通常火曜配送とぷらす便金曜配送、または通常水曜配送とぷらす便月曜配送
5650855,3,通常月曜配送とぷらす便木曜配送、または通常火曜配送とぷらす便金曜配送
5650861,2,通常火曜配送とぷらす便金曜配送
5650862,3,通常月曜配送とぷらす便木曜配送、または通常火曜配送とぷらす便金曜配送
5650863,2,通常火曜配送とぷらす便金曜配送
5650872,2,通常火曜配送とぷらす便金曜配送
5650873,2,通常火曜配送とぷらす便金曜配送
5650874,2,通常火曜配送とぷらす便金曜配送
5650875,2,通常火曜配送とぷらす便金曜配送
5660001,7,通常月曜配送とぷらす便木曜配送、または通常火曜配送とぷらす便金曜配送、または通常水曜配送とぷらす便月曜配送
5660002,1,通常月曜配送とぷらす便木曜配送
5660011,1,通常月曜配送とぷらす便木曜配送
5660012,1,通常月曜配送とぷらす便木曜配送
5660021,1,通常月曜配送とぷらす便木曜配送
5660022,1,通常月曜配送とぷらす便木曜配送
5660023,1,通常月曜配送とぷらす便木曜配送
5660024,1,通常月曜配送とぷらす便木曜配送
5660025,1,通常月曜配送とぷらす便木曜配送
5660031,1,通常月曜配送とぷらす便木曜配送
5660032,1,通常月曜配送とぷらす便木曜配送
5660033,1,通常月曜配送とぷらす便木曜配送
5660034,1,通常月曜配送とぷらす便木曜配送
5660035,1,通常月曜配送とぷらす便木曜配送
5660042,1,通常月曜配送とぷらす便木曜配送
5660043,1,通常月曜配送とぷらす便木曜配送
5660045,1,通常月曜配送とぷらす便木曜配送
5660046,1,通常月曜配送とぷらす便木曜配送
5660047,1,通常月曜配送とぷらす便木曜配送
5660052,1,通常月曜配送とぷらす便木曜配送
5660053,1,通常月曜配送とぷらす便木曜配送
5660054,1,通常月曜配送とぷらす便木曜配送
5660055,1,通常月曜配送とぷらす便木曜配送
5660061,1,通常月曜配送とぷらす便木曜配送
5660062,1,通常月曜配送とぷらす便木曜配送
5660063,1,通常月曜配送とぷらす便木曜配送
5660064,1,通常月曜配送とぷらす便木曜配送
5660065,17,通常月曜配送とぷらす便木曜配送、または通常金曜配送とぷらす便水曜配送
5660072,1,通常月曜配送とぷらす便木曜配送
5660074,1,通常月曜配送とぷらす便木曜配送
5660222,1,通常月曜配送とぷらす便木曜配送
5670001,2,通常火曜配送とぷらす便金曜配送
5670004,2,通常火曜配送とぷらす便金曜配送
5670005,2,通常火曜配送とぷらす便金曜配送
5670006,2,通常火曜配送とぷらす便金曜配送
5670007,2,通常火曜配送とぷらす便金曜配送
5670008,2,通常火曜配送とぷらす便金曜配送
5670009,2,通常火曜配送とぷらす便金曜配送
5670010,2,通常火曜配送とぷらす便金曜配送
5670011,16,通常金曜配送とぷらす便水曜配送
5670012,2,通常火曜配送とぷらす便金曜配送
5670014,2,通常火曜配送とぷらす便金曜配送
5670015,2,通常火曜配送とぷらす便金曜配送
5670016,2,通常火曜配送とぷらす便金曜配送
5670017,16,通常金曜配送とぷらす便水曜配送
5670018,2,通常火曜配送とぷらす便金曜配送
5670021,2,通常火曜配送とぷらす便金曜配送
5670022,2,通常火曜配送とぷらす便金曜配送
5670023,2,通常火曜配送とぷらす便金曜配送
5670025,2,通常火曜配送とぷらす便金曜配送
5670027,2,通常火曜配送とぷらす便金曜配送
5670028,2,通常火曜配送とぷらす便金曜配送
5670029,2,通常火曜配送とぷらす便金曜配送
5670031,18,通常火曜配送とぷらす便金曜配送、または通常金曜配送とぷらす便水曜配送
5670032,2,通常火曜配送とぷらす便金曜配送
5670033,2,通常火曜配送とぷらす便金曜配送
5670034,2,通常火曜配送とぷらす便金曜配送
5670035,2,通常火曜配送とぷらす便金曜配送
5670036,2,通常火曜配送とぷらす便金曜配送
5670037,16,通常金曜配送とぷらす便水曜配送
5670041,2,通常火曜配送とぷらす便金曜配送
5670042,2,通常火曜配送とぷらす便金曜配送
5670044,2,通常火曜配送とぷらす便金曜配送
5670045,2,通常火曜配送とぷらす便金曜配送
5670046,2,通常火曜配送とぷらす便金曜配送
5670047,2,通常火曜配送とぷらす便金曜配送
5670048,2,通常火曜配送とぷらす便金曜配送
5670051,2,通常火曜配送とぷらす便金曜配送
5670053,2,通常火曜配送とぷらす便金曜配送
5670055,2,通常火曜配送とぷらす便金曜配送
5670057,2,通常火曜配送とぷらす便金曜配送
5670058,2,通常火曜配送とぷらす便金曜配送
5670062,2,通常火曜配送とぷらす便金曜配送
5670063,2,通常火曜配送とぷらす便金曜配送
5670064,2,通常火曜配送とぷらす便金曜配送
5670065,2,通常火曜配送とぷらす便金曜配送
5670066,2,通常火曜配送とぷらす便金曜配送
5670067,2,通常火曜配送とぷらす便金曜配送
5670071,2,通常火曜配送とぷらす便金曜配送
5670072,2,通常火曜配送とぷらす便金曜配送
5670074,2,通常火曜配送とぷらす便金曜配送
5670076,2,通常火曜配送とぷらす便金曜配送
5670082,16,通常金曜配送とぷらす便水曜配送
5670085,2,通常火曜配送とぷらす便金曜配送
5670086,2,通常火曜配送とぷらす便金曜配送
5670791,16,通常金曜配送とぷらす便水曜配送
5670801,16,通常金曜配送とぷらす便水曜配送
5670802,16,通常金曜配送とぷらす便水曜配送
5670803,16,通常金曜配送とぷらす便水曜配送
5670805,16,通常金曜配送とぷらす便水曜配送
5670806,16,通常金曜配送とぷらす便水曜配送
5670810,16,通常金曜配送とぷらす便水曜配送
5670811,16,通常金曜配送とぷらす便水曜配送
5670812,16,通常金曜配送とぷらす便水曜配送
5670813,16,通常金曜配送とぷらす便水曜配送
5670814,16,通常金曜配送とぷらす便水曜配送
5670815,16,通常金曜配送とぷらす便水曜配送
5670816,16,通常金曜配送とぷらす便水曜配送
5670817,16,通常金曜配送とぷらす便水曜配送
5670818,16,通常金曜配送とぷらす便水曜配送
5670819,16,通常金曜配送とぷらす便水曜配送
5670821,16,通常金曜配送とぷらす便水曜配送
5670822,16,通常金曜配送とぷらす便水曜配送
5670823,16,通常金曜配送とぷらす便水曜配送
5670824,16,通常金曜配送とぷらす便水曜配送
5670825,16,通常金曜配送とぷらす便水曜配送
5670826,16,通常金曜配送とぷらす便水曜配送
5670827,16,通常金曜配送とぷらす便水曜配送
5670828,16,通常金曜配送とぷらす便水曜配送
5670829,16,通常金曜配送とぷらす便水曜配送
5670831,16,通常金曜配送とぷらす便水曜配送
5670832,16,通常金曜配送とぷらす便水曜配送
5670833,16,通常金曜配送とぷらす便水曜配送
5670834,16,通常金曜配送とぷらす便水曜配送
5670835,16,通常金曜配送とぷらす便水曜配送
5670836,16,通常金曜配送とぷらす便水曜配送
5670841,16,通常金曜配送とぷらす便水曜配送
5670842,16,通常金曜配送とぷらす便水曜配送
5670843,16,通常金曜配送とぷらす便水曜配送
5670844,16,通常金曜配送とぷらす便水曜配送
5670845,16,通常金曜配送とぷらす便水曜配送
5670846,2,通常火曜配送とぷらす便金曜配送
5670849,16,通常金曜配送とぷらす便水曜配送
5670850,1,通常月曜配送とぷらす便木曜配送
5670851,17,通常月曜配送とぷらす便木曜配送、または通常金曜配送とぷらす便水曜配送
5670852,1,通常月曜配送とぷらす便木曜配送
5670854,5,通常月曜配送とぷらす便木曜配送、または通常水曜配送とぷらす便月曜配送
5670855,1,通常月曜配送とぷらす便木曜配送
5670861,17,通常月曜配送とぷらす便木曜配送、または通常金曜配送とぷらす便水曜配送
5670862,1,通常月曜配送とぷらす便木曜配送
5670863,1,通常月曜配送とぷらす便木曜配送
5670864,1,通常月曜配送とぷらす便木曜配送
5670865,1,通常月曜配送とぷらす便木曜配送
5670867,1,通常月曜配送とぷらす便木曜配送
5670868,1,通常月曜配送とぷらす便木曜配送
5670872,16,通常金曜配送とぷらす便水曜配送
5670873,16,通常金曜配送とぷらす便水曜配送
5670874,16,通常金曜配送とぷらす便水曜配送
5670875,18,通常火曜配送とぷらす便金曜配送、または通常金曜配送とぷらす便水曜配送
5670876,9,通常月曜配送とぷらす便木曜配送、または通常木曜配送とぷらす便火曜配送
5670877,1,通常月曜配送とぷらす便木曜配送
5670878,1,通常月曜配送とぷらす便木曜配送
5670881,16,通常金曜配送とぷらす便水曜配送
5670882,16,通常金曜配送とぷらす便水曜配送
5670883,16,通常金曜配送とぷらす便水曜配送
5670884,16,通常金曜配送とぷらす便水曜配送
5670885,16,通常金曜配送とぷらす便水曜配送
5670886,16,通常金曜配送とぷらす便水曜配送
5670887,16,通常金曜配送とぷらす便水曜配送
5670888,17,通常月曜配送とぷらす便木曜配送、または通常金曜配送とぷらす便水曜配送
5670891,17,通常月曜配送とぷらす便木曜配送、または通常金曜配送とぷらす便水曜配送
5670892,16,通常金曜配送とぷらす便水曜配送
5670893,16,通常金曜配送とぷらす便水曜配送
5670894,16,通常金曜配送とぷらす便水曜配送
5670895,17,通常月曜配送とぷらす便木曜配送、または通常金曜配送とぷらす便水曜配送
5670896,16,通常金曜配送とぷらす便水曜配送
5670897,16,通常金曜配送とぷらす便水曜配送
5680089,2,通常火曜配送とぷらす便金曜配送
5690000,16,通常金曜配送とぷらす便水曜配送
5690001,16,通常金曜配送とぷらす便水曜配送
5690002,16,通常金曜配送とぷらす便水曜配送
5690003,16,通常金曜配送とぷらす便水曜配送
5690005,16,通常金曜配送とぷらす便水曜配送
5690007,16,通常金曜配送とぷらす便水曜配送
5690011,16,通常金曜配送とぷらす便水曜配送
5690012,16,通常金曜配送とぷらす便水曜配送
5690013,16,通常金曜配送とぷらす便水曜配送
5690022,16,通常金曜配送とぷらす便水曜配送
5690023,16,通常金曜配送とぷらす便水曜配送
5690025,16,通常金曜配送とぷらす便水曜配送
5690027,16,通常金曜配送とぷらす便水曜配送
5690031,16,通常金曜配送とぷらす便水曜配送
5690032,16,通常金曜配送とぷらす便水曜配送
5690033,16,通常金曜配送とぷらす便水曜配送
5690034,16,通常金曜配送とぷらす便水曜配送
5690035,16,通常金曜配送とぷらす便水曜配送
5690036,16,通常金曜配送とぷらす便水曜配送
5690041,16,通常金曜配送とぷらす便水曜配送
5690042,16,通常金曜配送とぷらす便水曜配送
5690043,16,通常金曜配送とぷらす便水曜配送
5690046,16,通常金曜配送とぷらす便水曜配送
5690051,16,通常金曜配送とぷらす便水曜配送
5690052,16,通常金曜配送とぷらす便水曜配送
5690053,16,通常金曜配送とぷらす便水曜配送
5690054,16,通常金曜配送とぷらす便水曜配送
5690055,16,通常金曜配送とぷらす便水曜配送
5690056,16,通常金曜配送とぷらす便水曜配送
5690057,16,通常金曜配送とぷらす便水曜配送
5690061,16,通常金曜配送とぷらす便水曜配送
5690062,16,通常金曜配送とぷらす便水曜配送
5690063,16,通常金曜配送とぷらす便水曜配送
5690064,16,通常金曜配送とぷらす便水曜配送
5690065,16,通常金曜配送とぷらす便水曜配送
5690066,16,通常金曜配送とぷらす便水曜配送
5690067,16,通常金曜配送とぷらす便水曜配送
5690071,16,通常金曜配送とぷらす便水曜配送
5690072,16,通常金曜配送とぷらす便水曜配送
5690073,16,通常金曜配送とぷらす便水曜配送
5690074,16,通常金曜配送とぷらす便水曜配送
5690075,16,通常金曜配送とぷらす便水曜配送
5690076,16,通常金曜配送とぷらす便水曜配送
5690077,16,通常金曜配送とぷらす便水曜配送
5690081,16,通常金曜配送とぷらす便水曜配送
5690082,16,通常金曜配送とぷらす便水曜配送
5690083,16,通常金曜配送とぷらす便水曜配送
5690084,16,通常金曜配送とぷらす便水曜配送
5690085,16,通常金曜配送とぷらす便水曜配送
5690086,16,通常金曜配送とぷらす便水曜配送
5690087,16,通常金曜配送とぷらす便水曜配送
5690088,16,通常金曜配送とぷらす便水曜配送
5690091,16,通常金曜配送とぷらす便水曜配送
5690093,16,通常金曜配送とぷらす便水曜配送
5690094,16,通常金曜配送とぷらす便水曜配送
5690095,16,通常金曜配送とぷらす便水曜配送
5690096,16,通常金曜配送とぷらす便水曜配送
5690097,16,通常金曜配送とぷらす便水曜配送
5690802,16,通常金曜配送とぷらす便水曜配送
5690803,16,通常金曜配送とぷらす便水曜配送
5690804,16,通常金曜配送とぷらす便水曜配送
5690805,16,通常金曜配送とぷらす便水曜配送
5690806,16,通常金曜配送とぷらす便水曜配送
5690811,16,通常金曜配送とぷらす便水曜配送
5690812,16,通常金曜配送とぷらす便水曜配送
5690813,16,通常金曜配送とぷらす便水曜配送
5690814,16,通常金曜配送とぷらす便水曜配送
5690815,16,通常金曜配送とぷらす便水曜配送
5690816,16,通常金曜配送とぷらす便水曜配送
5690817,16,通常金曜配送とぷらす便水曜配送
5690818,16,通常金曜配送とぷらす便水曜配送
5690821,16,通常金曜配送とぷらす便水曜配送
5690822,16,通常金曜配送とぷらす便水曜配送
5690823,16,通常金曜配送とぷらす便水曜配送
5690824,16,通常金曜配送とぷらす便水曜配送
5690825,16,通常金曜配送とぷらす便水曜配送
5690826,16,通常金曜配送とぷらす便水曜配送
5690827,16,通常金曜配送とぷらす便水曜配送
5690832,16,通常金曜配送とぷらす便水曜配送
5690835,1,通常月曜配送とぷらす便木曜配送
5690836,16,通常金曜配送とぷらす便水曜配送
5690844,1,通常月曜配送とぷらす便木曜配送
5690846,1,通常月曜配送とぷらす便木曜配送
5690851,16,通常金曜配送とぷらす便水曜配送
5690852,16,通常金曜配送とぷらす便水曜配送
5690853,16,通常金曜配送とぷらす便水曜配送
5690854,16,通常金曜配送とぷらす便水曜配送
5690855,16,通常金曜配送とぷらす便水曜配送
5690856,16,通常金曜配送とぷらす便水曜配送
5690857,16,通常金曜配送とぷらす便水曜配送
5691002,16,通常金曜配送とぷらす便水曜配送
5691018,16,通常金曜配送とぷらす便水曜配送
5691020,16,通常金曜配送とぷらす便水曜配送
5691021,16,通常金曜配送とぷらす便水曜配送
5691022,16,通常金曜配送とぷらす便水曜配送
5691023,16,通常金曜配送とぷらす便水曜配送
5691024,16,通常金曜配送とぷらす便水曜配送
5691025,16,通常金曜配送とぷらす便水曜配送
5691026,16,通常金曜配送とぷらす便水曜配送
5691027,16,通常金曜配送とぷらす便水曜配送
5691028,16,通常金曜配送とぷらす便水曜配送
5691029,16,通常金曜配送とぷらす便水曜配送
5691031,16,通常金曜配送とぷらす便水曜配送
5691032,16,通常金曜配送とぷらす便水曜配送
5691034,16,通常金曜配送とぷらす便水曜配送
5691035,16,通常金曜配送とぷらす便水曜配送
5691036,16,通常金曜配送とぷらす便水曜配送
5691037,16,通常金曜配送とぷらす便水曜配送
5691038,16,通常金曜配送とぷらす便水曜配送
5691039,16,通常金曜配送とぷらす便水曜配送
5691041,16,通常金曜配送とぷらす便水曜配送
5691042,16,通常金曜配送とぷらす便水曜配送
5691043,16,通常金曜配送とぷらす便水曜配送
5691044,16,通常金曜配送とぷらす便水曜配送
5691046,16,通常金曜配送とぷらす便水曜配送
5691047,16,通常金曜配送とぷらす便水曜配送
5691051,16,通常金曜配送とぷらす便水曜配送
5691101,16,通常金曜配送とぷらす便水曜配送
5691103,16,通常金曜配送とぷらす便水曜配送
5691104,16,通常金曜配送とぷらす便水曜配送
5691105,16,通常金曜配送とぷらす便水曜配送
5691107,16,通常金曜配送とぷらす便水曜配送
5691108,16,通常金曜配送とぷらす便水曜配送
5691111,16,通常金曜配送とぷらす便水曜配送
5691112,16,通常金曜配送とぷらす便水曜配送
5691113,16,通常金曜配送とぷらす便水曜配送
5691114,16,通常金曜配送とぷらす便水曜配送
5691115,16,通常金曜配送とぷらす便水曜配送
5691116,16,通常金曜配送とぷらす便水曜配送
5691117,16,通常金曜配送とぷらす便水曜配送
5691118,16,通常金曜配送とぷらす便水曜配送
5691121,16,通常金曜配送とぷらす便水曜配送
5691122,16,通常金曜配送とぷらす便水曜配送
5691123,16,通常金曜配送とぷらす便水曜配送
5691124,16,通常金曜配送とぷらす便水曜配送
5691125,16,通常金曜配送とぷらす便水曜配送
5691126,16,通常金曜配送とぷらす便水曜配送
5691127,16,通常金曜配送とぷらす便水曜配送
5691128,16,通常金曜配送とぷらす便水曜配送
5691131,16,通常金曜配送とぷらす便水曜配送
5691132,16,通常金曜配送とぷらす便水曜配送
5691133,16,通常金曜配送とぷらす便水曜配送
5691135,16,通常金曜配送とぷらす便水曜配送
5691136,16,通常金曜配送とぷらす便水曜配送
5691137,16,通常金曜配送とぷらす便水曜配送
5691141,18,通常火曜配送とぷらす便金曜配送、または通常金曜配送とぷらす便水曜配送
5691142,18,通常火曜配送とぷらす便金曜配送、または通常金曜配送とぷらす便水曜配送
5691144,18,通常火曜配送とぷらす便金曜配送、または通常金曜配送とぷらす便水曜配送
5691145,2,通常火曜配送とぷらす便金曜配送
5691146,2,通常火曜配送とぷらす便金曜配送
5691147,18,通常火曜配送とぷらす便金曜配送、または通常金曜配送とぷらす便水曜配送
5699102,16,通常金曜配送とぷらす便水曜配送
5700002,16,通常金曜配送とぷらす便水曜配送
5700003,16,通常金曜配送とぷらす便水曜配送
5700005,16,通常金曜配送とぷらす便水曜配送
5700006,16,通常金曜配送とぷらす便水曜配送
5700008,16,通常金曜配送とぷらす便水曜配送
5700009,16,通常金曜配送とぷらす便水曜配送
5700011,16,通常金曜配送とぷらす便水曜配送
5700012,16,通常金曜配送とぷらす便水曜配送
5700014,16,通常金曜配送とぷらす便水曜配送
5700015,16,通常金曜配送とぷらす便水曜配送
5700016,16,通常金曜配送とぷらす便水曜配送
5700017,16,通常金曜配送とぷらす便水曜配送
5700021,16,通常金曜配送とぷらす便水曜配送
5700022,16,通常金曜配送とぷらす便水曜配送
5700023,16,通常金曜配送とぷらす便水曜配送
5700025,16,通常金曜配送とぷらす便水曜配送
5700027,16,通常金曜配送とぷらす便水曜配送
5700031,16,通常金曜配送とぷらす便水曜配送
5700032,16,通常金曜配送とぷらす便水曜配送
5700033,16,通常金曜配送とぷらす便水曜配送
5700034,16,通常金曜配送とぷらす便水曜配送
5700035,16,通常金曜配送とぷらす便水曜配送
5700036,16,通常金曜配送とぷらす便水曜配送
5700037,16,通常金曜配送とぷらす便水曜配送
5700038,16,通常金曜配送とぷらす便水曜配送
5700039,16,通常金曜配送とぷらす便水曜配送
5700041,20,通常水曜配送とぷらす便月曜配送、または通常金曜配送とぷらす便水曜配送
5700042,4,通常水曜配送とぷらす便月曜配送
5700043,4,通常水曜配送とぷらす便月曜配送
5700044,16,通常金曜配送とぷらす便水曜配送
5700046,16,通常金曜配送とぷらす便水曜配送
5700047,16,通常金曜配送とぷらす便水曜配送
5700051,16,通常金曜配送とぷらす便水曜配送
5700053,16,通常金曜配送とぷらす便水曜配送
5700055,16,通常金曜配送とぷらす便水曜配送
5700056,16,通常金曜配送とぷらす便水曜配送
5700062,20,通常水曜配送とぷらす便月曜配送、または通常金曜配送とぷらす便水曜配送
5700064,20,通常水曜配送とぷらす便月曜配送、または通常金曜配送とぷらす便水曜配送
5700065,4,通常水曜配送とぷらす便月曜配送
5700066,20,通常水曜配送とぷらす便月曜配送、または通常金曜配送とぷらす便水曜配送
5700071,16,通常金曜配送とぷらす便水曜配送
5700076,4,通常水曜配送とぷらす便月曜配送
5700079,20,通常水曜配送とぷらす便月曜配送、または通常金曜配送とぷらす便水曜配送
5700082,20,通常水曜配送とぷらす便月曜配送、または通常金曜配送とぷらす便水曜配送
5700083,16,通常金曜配送とぷらす便水曜配送
5700085,16,通常金曜配送とぷらす便水曜配送
5700086,16,通常金曜配送とぷらす便水曜配送
5700087,16,通常金曜配送とぷらす便水曜配送
5700095,16,通常金曜配送とぷらす便水曜配送
5700096,16,通常金曜配送とぷらす便水曜配送
5700098,16,通常金曜配送とぷらす便水曜配送
5710001,16,通常金曜配送とぷらす便水曜配送
5710002,16,通常金曜配送とぷらす便水曜配送
5710005,16,通常金曜配送とぷらす便水曜配送
5710007,16,通常金曜配送とぷらす便水曜配送
5710008,16,通常金曜配送とぷらす便水曜配送
5710009,16,通常金曜配送とぷらす便水曜配送
5710011,16,通常金曜配送とぷらす便水曜配送
5710012,16,通常金曜配送とぷらす便水曜配送
5710013,16,通常金曜配送とぷらす便水曜配送
5710014,16,通常金曜配送とぷらす便水曜配送
5710015,16,通常金曜配送とぷらす便水曜配送
5710016,16,通常金曜配送とぷらす便水曜配送
5710017,16,通常金曜配送とぷらす便水曜配送
5710021,16,通常金曜配送とぷらす便水曜配送
5710022,16,通常金曜配送とぷらす便水曜配送
5710026,16,通常金曜配送とぷらす便水曜配送
5710027,16,通常金曜配送とぷらす便水曜配送
5710030,16,通常金曜配送とぷらす便水曜配送
5710031,16,通常金曜配送とぷらす便水曜配送
5710032,16,通常金曜配送とぷらす便水曜配送
5710033,16,通常金曜配送とぷらす便水曜配送
5710035,16,通常金曜配送とぷらす便水曜配送
5710037,4,通常水曜配送とぷらす便月曜配送
5710038,16,通常金曜配送とぷらす便水曜配送
5710039,16,通常金曜配送とぷらす便水曜配送
5710041,18,通常火曜配送とぷらす便金曜配送、または通常金曜配送とぷらす便水曜配送
5710043,16,通常金曜配送とぷらす便水曜配送
5710044,16,通常金曜配送とぷらす便水曜配送
5710045,16,通常金曜配送とぷらす便水曜配送
5710046,16,通常金曜配送とぷらす便水曜配送
5710047,16,通常金曜配送とぷらす便水曜配送
5710051,16,通常金曜配送とぷらす便水曜配送
5710052,16,通常金曜配送とぷらす便水曜配送
5710054,16,通常金曜配送とぷらす便水曜配送
5710055,16,通常金曜配送とぷらす便水曜配送
5710057,16,通常金曜配送とぷらす便水曜配送
5710058,16,通常金曜配送とぷらす便水曜配送
5710059,16,通常金曜配送とぷらす便水曜配送
5710061,16,通常金曜配送とぷらす便水曜配送
5710062,16,通常金曜配送とぷらす便水曜配送
5710063,16,通常金曜配送とぷらす便水曜配送
5710064,16,通常金曜配送とぷらす便水曜配送
5710065,16,通常金曜配送とぷらす便水曜配送
5710066,16,通常金曜配送とぷらす便水曜配送
5710067,16,通常金曜配送とぷらす便水曜配送
5710070,16,通常金曜配送とぷらす便水曜配送
5710072,16,通常金曜配送とぷらす便水曜配送
5710073,16,通常金曜配送とぷらす便水曜配送
5710074,16,通常金曜配送とぷらす便水曜配送
5710075,16,通常金曜配送とぷらす便水曜配送
5710076,16,通常金曜配送とぷらす便水曜配送
5710077,16,通常金曜配送とぷらす便水曜配送
5710078,16,通常金曜配送とぷらす便水曜配送
5710079,16,通常金曜配送とぷらす便水曜配送
5720001,16,通常金曜配送とぷらす便水曜配送
5720002,16,通常金曜配送とぷらす便水曜配送
5720003,16,通常金曜配送とぷらす便水曜配送
5720004,16,通常金曜配送とぷらす便水曜配送
5720005,16,通常金曜配送とぷらす便水曜配送
5720006,16,通常金曜配送とぷらす便水曜配送
5720007,16,通常金曜配送とぷらす便水曜配送
5720008,16,通常金曜配送とぷらす便水曜配送
5720009,16,通常金曜配送とぷらす便水曜配送
5720011,16,通常金曜配送とぷらす便水曜配送
5720013,16,通常金曜配送とぷらす便水曜配送
5720014,16,通常金曜配送とぷらす便水曜配送
5720016,16,通常金曜配送とぷらす便水曜配送
5720017,16,通常金曜配送とぷらす便水曜配送
5720018,16,通常金曜配送とぷらす便水曜配送
5720019,16,通常金曜配送とぷらす便水曜配送
5720020,2,通常火曜配送とぷらす便金曜配送
5720021,18,通常火曜配送とぷらす便金曜配送、または通常金曜配送とぷらす便水曜配送
5720022,2,通常火曜配送とぷらす便金曜配送
5720024,2,通常火曜配送とぷらす便金曜配送
5720025,2,通常火曜配送とぷらす便金曜配送
5720027,2,通常火曜配送とぷらす便金曜配送
5720028,2,通常火曜配送とぷらす便金曜配送
5720029,2,通常火曜配送とぷらす便金曜配送
5720030,18,通常火曜配送とぷらす便金曜配送、または通常金曜配送とぷらす便水曜配送
5720031,2,通常火曜配送とぷらす便金曜配送
5720033,18,通常火曜配送とぷらす便金曜配送、または通常金曜配送とぷらす便水曜配送
5720034,16,通常金曜配送とぷらす便水曜配送
5720035,16,通常金曜配送とぷらす便水曜配送
5720036,16,通常金曜配送とぷらす便水曜配送
5720037,16,通常金曜配送とぷらす便水曜配送
5720038,18,通常火曜配送とぷらす便金曜配送、または通常金曜配送とぷらす便水曜配送
5720039,2,通常火曜配送とぷらす便金曜配送
5720042,16,通常金曜配送とぷらす便水曜配送
5720043,16,通常金曜配送とぷらす便水曜配送
5720044,16,通常金曜配送とぷらす便水曜配送
5720045,16,通常金曜配送とぷらす便水曜配送
5720046,16,通常金曜配送とぷらす便水曜配送
5720047,16,通常金曜配送とぷらす便水曜配送
5720048,16,通常金曜配送とぷらす便水曜配送
5720050,16,通常金曜配送とぷらす便水曜配送
5720051,16,通常金曜配送とぷらす便水曜配送
5720052,16,通常金曜配送とぷらす便水曜配送
5720053,16,通常金曜配送とぷらす便水曜配送
5720054,16,通常金曜配送とぷらす便水曜配送
5720055,16,通常金曜配送とぷらす便水曜配送
5720056,16,通常金曜配送とぷらす便水曜配送
5720057,16,通常金曜配送とぷらす便水曜配送
5720058,16,通常金曜配送とぷらす便水曜配送
5720059,16,通常金曜配送とぷらす便水曜配送
5720061,16,通常金曜配送とぷらす便水曜配送
5720062,18,通常火曜配送とぷらす便金曜配送、または通常金曜配送とぷらす便水曜配送
5720063,16,通常金曜配送とぷらす便水曜配送
5720065,16,通常金曜配送とぷらす便水曜配送
5720066,16,通常金曜配送とぷらす便水曜配送
5720067,16,通常金曜配送とぷらす便水曜配送
5720071,2,通常火曜配送とぷらす便金曜配送
5720072,2,通常火曜配送とぷらす便金曜配送
5720073,2,通常火曜配送とぷらす便金曜配送
5720076,16,通常金曜配送とぷらす便水曜配送
5720077,16,通常金曜配送とぷらす便水曜配送
5720078,2,通常火曜配送とぷらす便金曜配送
5720080,2,通常火曜配送とぷらす便金曜配送
5720081,16,通常金曜配送とぷらす便水曜配送
5720082,18,通常火曜配送とぷらす便金曜配送、または通常金曜配送とぷらす便水曜配送
5720083,16,通常金曜配送とぷらす便水曜配送
5720084,18,通常火曜配送とぷらす便金曜配送、または通常金曜配送とぷらす便水曜配送
5720085,2,通常火曜配送とぷらす便金曜配送
5720086,2,通常火曜配送とぷらす便金曜配送
5720087,2,通常火曜配送とぷらす便金曜配送
5720088,2,通常火曜配送とぷらす便金曜配送
5720089,2,通常火曜配送とぷらす便金曜配送
5720801,16,通常金曜配送とぷらす便水曜配送
5720803,16,通常金曜配送とぷらす便水曜配送
5720806,16,通常金曜配送とぷらす便水曜配送
5720810,16,通常金曜配送とぷらす便水曜配送
5720811,16,通常金曜配送とぷらす便水曜配送
5720812,16,通常金曜配送とぷらす便水曜配送
5720814,16,通常金曜配送とぷらす便水曜配送
5720816,16,通常金曜配送とぷらす便水曜配送
5720817,16,通常金曜配送とぷらす便水曜配送
5720819,16,通常金曜配送とぷらす便水曜配送
5720822,16,通常金曜配送とぷらす便水曜配送
5720823,16,通常金曜配送とぷらす便水曜配送
5720824,16,通常金曜配送とぷらす便水曜配送
5720825,16,通常金曜配送とぷらす便水曜配送
5720826,16,通常金曜配送とぷらす便水曜配送
5720827,16,通常金曜配送とぷらす便水曜配送
5720828,16,通常金曜配送とぷらす便水曜配送
5720829,16,通常金曜配送とぷらす便水曜配送
5720831,16,通常金曜配送とぷらす便水曜配送
5720832,16,通常金曜配送とぷらす便水曜配送
5720833,16,通常金曜配送とぷらす便水曜配送
5720834,16,通常金曜配送とぷらす便水曜配送
5720835,16,通常金曜配送とぷらす便水曜配送
5720836,16,通常金曜配送とぷらす便水曜配送
5720837,16,通常金曜配送とぷらす便水曜配送
5720838,16,通常金曜配送とぷらす便水曜配送
5720839,16,通常金曜配送とぷらす便水曜配送
5720840,16,通常金曜配送とぷらす便水曜配送
5720841,16,通常金曜配送とぷらす便水曜配送
5720843,16,通常金曜配送とぷらす便水曜配送
5720844,16,通常金曜配送とぷらす便水曜配送
5720845,16,通常金曜配送とぷらす便水曜配送
5720847,16,通常金曜配送とぷらす便水曜配送
5720848,16,通常金曜配送とぷらす便水曜配送
5720849,16,通常金曜配送とぷらす便水曜配送
5720850,16,通常金曜配送とぷらす便水曜配送
5720852,16,通常金曜配送とぷらす便水曜配送
5720855,16,通常金曜配送とぷらす便水曜配送
5720856,16,通常金曜配送とぷらす便水曜配送
5720857,16,通常金曜配送とぷらす便水曜配送
5720858,16,通常金曜配送とぷらす便水曜配送
5720859,16,通常金曜配送とぷらす便水曜配送
5720861,16,通常金曜配送とぷらす便水曜配送
5720862,16,通常金曜配送とぷらす便水曜配送
5720863,16,通常金曜配送とぷらす便水曜配送
5720864,16,通常金曜配送とぷらす便水曜配送
5720865,16,通常金曜配送とぷらす便水曜配送
5720867,16,通常金曜配送とぷらす便水曜配送
5722000,16,通常金曜配送とぷらす便水曜配送
5730000,2,通常火曜配送とぷらす便金曜配送
5730001,2,通常火曜配送とぷらす便金曜配送
5730002,6,通常火曜配送とぷらす便金曜配送、または通常水曜配送とぷらす便月曜配送
5730005,2,通常火曜配送とぷらす便金曜配送
5730007,2,通常火曜配送とぷらす便金曜配送
5730011,2,通常火曜配送とぷらす便金曜配送
5730012,2,通常火曜配送とぷらす便金曜配送
5730013,2,通常火曜配送とぷらす便金曜配送
5730015,2,通常火曜配送とぷらす便金曜配送
5730016,2,通常火曜配送とぷらす便金曜配送
5730017,2,通常火曜配送とぷらす便金曜配送
5730018,2,通常火曜配送とぷらす便金曜配送
5730021,2,通常火曜配送とぷらす便金曜配送
5730022,2,通常火曜配送とぷらす便金曜配送
5730023,2,通常火曜配送とぷらす便金曜配送
5730024,2,通常火曜配送とぷらす便金曜配送
5730025,2,通常火曜配送とぷらす便金曜配送
5730026,2,通常火曜配送とぷらす便金曜配送
5730027,2,通常火曜配送とぷらす便金曜配送
5730028,2,通常火曜配送とぷらす便金曜配送
5730031,2,通常火曜配送とぷらす便金曜配送
5730032,2,通常火曜配送とぷらす便金曜配送
5730033,2,通常火曜配送とぷらす便金曜配送
5730034,2,通常火曜配送とぷらす便金曜配送
5730035,3,通常月曜配送とぷらす便木曜配送、または通常火曜配送とぷらす便金曜配送
5730036,2,通常火曜配送とぷらす便金曜配送
5730037,2,通常火曜配送とぷらす便金曜配送
5730043,2,通常火曜配送とぷらす便金曜配送
5730045,2,通常火曜配送とぷらす便金曜配送
5730046,2,通常火曜配送とぷらす便金曜配送
5730047,2,通常火曜配送とぷらす便金曜配送
5730048,2,通常火曜配送とぷらす便金曜配送
5730049,2,通常火曜配送とぷらす便金曜配送
5730051,2,通常火曜配送とぷらす便金曜配送
5730052,2,通常火曜配送とぷらす便金曜配送
5730053,2,通常火曜配送とぷらす便金曜配送
5730055,2,通常火曜配送とぷらす便金曜配送
5730056,2,通常火曜配送とぷらす便金曜配送
5730057,2,通常火曜配送とぷらす便金曜配送
5730058,2,通常火曜配送とぷらす便金曜配送
5730061,2,通常火曜配送とぷらす便金曜配送
5730063,2,通常火曜配送とぷらす便金曜配送
5730064,2,通常火曜配送とぷらす便金曜配送
5730065,2,通常火曜配送とぷらす便金曜配送
5730066,2,通常火曜配送とぷらす便金曜配送
5730071,2,通常火曜配送とぷらす便金曜配送
5730073,18,通常火曜配送とぷらす便金曜配送、または通常金曜配送とぷらす便水曜配送
5730074,16,通常金曜配送とぷらす便水曜配送
5730075,18,通常火曜配送とぷらす便金曜配送、または通常金曜配送とぷらす便水曜配送
5730076,2,通常火曜配送とぷらす便金曜配送
5730077,2,通常火曜配送とぷらす便金曜配送
5730081,2,通常火曜配送とぷらす便金曜配送
5730082,2,通常火曜配送とぷらす便金曜配送
5730083,2,通常火曜配送とぷらす便金曜配送
5730084,18,通常火曜配送とぷらす便金曜配送、または通常金曜配送とぷらす便水曜配送
5730085,18,通常火曜配送とぷらす便金曜配送、または通常金曜配送とぷらす便水曜配送
5730086,18,通常火曜配送とぷらす便金曜配送、または通常金曜配送とぷらす便水曜配送
5730087,2,通常火曜配送とぷらす便金曜配送
5730088,2,通常火曜配送とぷらす便金曜配送
5730091,2,通常火曜配送とぷらす便金曜配送
5730092,2,通常火曜配送とぷらす便金曜配送
5730093,2,通常火曜配送とぷらす便金曜配送
5730094,2,通常火曜配送とぷらす便金曜配送
5730095,2,通常火曜配送とぷらす便金曜配送
5730101,2,通常火曜配送とぷらす便金曜配送
5730102,2,通常火曜配送とぷらす便金曜配送
5730105,2,通常火曜配送とぷらす便金曜配送
5730106,2,通常火曜配送とぷらす便金曜配送
5730107,2,通常火曜配送とぷらす便金曜配送
5730112,2,通常火曜配送とぷらす便金曜配送
5730113,2,通常火曜配送とぷらす便金曜配送
5730115,2,通常火曜配送とぷらす便金曜配送
5730116,2,通常火曜配送とぷらす便金曜配送
5730118,2,通常火曜配送とぷらす便金曜配送
5730121,2,通常火曜配送とぷらす便金曜配送
5730124,2,通常火曜配送とぷらす便金曜配送
5730125,2,通常火曜配送とぷらす便金曜配送
5730126,2,通常火曜配送とぷらす便金曜配送
5730127,2,通常火曜配送とぷらす便金曜配送
5730128,2,通常火曜配送とぷらす便金曜配送
5730135,2,通常火曜配送とぷらす便金曜配送
5730137,2,通常火曜配送とぷらす便金曜配送
5730143,2,通常火曜配送とぷらす便金曜配送
5730144,2,通常火曜配送とぷらす便金曜配送
5730145,2,通常火曜配送とぷらす便金曜配送
5730151,2,通常火曜配送とぷらす便金曜配送
5730152,2,通常火曜配送とぷらす便金曜配送
5730153,2,通常火曜配送とぷらす便金曜配送
5730155,2,通常火曜配送とぷらす便金曜配送
5730157,2,通常火曜配送とぷらす便金曜配送
5730158,2,通常火曜配送とぷらす便金曜配送
5730161,2,通常火曜配送とぷらす便金曜配送
5730162,2,通常火曜配送とぷらす便金曜配送
5730163,2,通常火曜配送とぷらす便金曜配送
5730164,2,通常火曜配送とぷらす便金曜配送
5730165,2,通常火曜配送とぷらす便金曜配送
5730171,2,通常火曜配送とぷらす便金曜配送
5731101,2,通常火曜配送とぷらす便金曜配送
5731102,2,通常火曜配送とぷらす便金曜配送
5731103,2,通常火曜配送とぷらす便金曜配送
5731104,2,通常火曜配送とぷらす便金曜配送
5731105,2,通常火曜配送とぷらす便金曜配送
5731106,2,通常火曜配送とぷらす便金曜配送
5731107,2,通常火曜配送とぷらす便金曜配送
5731111,18,通常火曜配送とぷらす便金曜配送、または通常金曜配送とぷらす便水曜配送
5731112,2,通常火曜配送とぷらす便金曜配送
5731113,2,通常火曜配送とぷらす便金曜配送
5731114,2,通常火曜配送とぷらす便金曜配送
5731115,2,通常火曜配送とぷらす便金曜配送
5731116,2,通常火曜配送とぷらす便金曜配送
5731117,2,通常火曜配送とぷらす便金曜配送
5731118,2,通常火曜配送とぷらす便金曜配送
5731121,2,通常火曜配送とぷらす便金曜配送
5731122,2,通常火曜配送とぷらす便金曜配送
5731123,2,通常火曜配送とぷらす便金曜配送
5731124,2,通常火曜配送とぷらす便金曜配送
5731125,2,通常火曜配送とぷらす便金曜配送
5731126,2,通常火曜配送とぷらす便金曜配送
5731127,2,通常火曜配送とぷらす便金曜配送
5731128,2,通常火曜配送とぷらす便金曜配送
5731131,2,通常火曜配送とぷらす便金曜配送
5731133,2,通常火曜配送とぷらす便金曜配送
5731134,2,通常火曜配送とぷらす便金曜配送
5731135,2,通常火曜配送とぷらす便金曜配送
5731136,2,通常火曜配送とぷらす便金曜配送
5731137,2,通常火曜配送とぷらす便金曜配送
5731141,2,通常火曜配送とぷらす便金曜配送
5731142,2,通常火曜配送とぷらす便金曜配送
5731143,2,通常火曜配送とぷらす便金曜配送
5731144,2,通常火曜配送とぷらす便金曜配送
5731145,2,通常火曜配送とぷらす便金曜配送
5731146,2,通常火曜配送とぷらす便金曜配送
5731148,2,通常火曜配送とぷらす便金曜配送
5731149,2,通常火曜配送とぷらす便金曜配送
5731151,2,通常火曜配送とぷらす便金曜配送
5731152,2,通常火曜配送とぷらす便金曜配送
5731153,2,通常火曜配送とぷらす便金曜配送
5731154,2,通常火曜配送とぷらす便金曜配送
5731155,2,通常火曜配送とぷらす便金曜配送
5731156,2,通常火曜配送とぷらす便金曜配送
5731157,2,通常火曜配送とぷらす便金曜配送
5731158,2,通常火曜配送とぷらす便金曜配送
5731161,2,通常火曜配送とぷらす便金曜配送
5731162,2,通常火曜配送とぷらす便金曜配送
5731164,2,通常火曜配送とぷらす便金曜配送
5731166,2,通常火曜配送とぷらす便金曜配送
5731167,2,通常火曜配送とぷらす便金曜配送
5731168,2,通常火曜配送とぷらす便金曜配送
5731171,2,通常火曜配送とぷらす便金曜配送
5731172,2,通常火曜配送とぷらす便金曜配送
5731173,2,通常火曜配送とぷらす便金曜配送
5731174,2,通常火曜配送とぷらす便金曜配送
5731175,2,通常火曜配送とぷらす便金曜配送
5731176,2,通常火曜配送とぷらす便金曜配送
5731177,2,通常火曜配送とぷらす便金曜配送
5731178,2,通常火曜配送とぷらす便金曜配送
5731181,2,通常火曜配送とぷらす便金曜配送
5731182,2,通常火曜配送とぷらす便金曜配送
5731183,2,通常火曜配送とぷらす便金曜配送
5731184,2,通常火曜配送とぷらす便金曜配送
5731185,2,通常火曜配送とぷらす便金曜配送
5731186,2,通常火曜配送とぷらす便金曜配送
5731187,2,通常火曜配送とぷらす便金曜配送
5731188,2,通常火曜配送とぷらす便金曜配送
5731191,2,通常火曜配送とぷらす便金曜配送
5731192,2,通常火曜配送とぷらす便金曜配送
5731193,2,通常火曜配送とぷらす便金曜配送
5731194,2,通常火曜配送とぷらす便金曜配送
5731195,2,通常火曜配送とぷらす便金曜配送
5731196,2,通常火曜配送とぷらす便金曜配送
5731197,2,通常火曜配送とぷらす便金曜配送
5740002,16,通常金曜配送とぷらす便水曜配送
5740003,16,通常金曜配送とぷらす便水曜配送
5740004,16,通常金曜配送とぷらす便水曜配送
5740005,16,通常金曜配送とぷらす便水曜配送
5740006,16,通常金曜配送とぷらす便水曜配送
5740007,16,通常金曜配送とぷらす便水曜配送
5740008,16,通常金曜配送とぷらす便水曜配送
5740011,16,通常金曜配送とぷらす便水曜配送
5740013,16,通常金曜配送とぷらす便水曜配送
5740014,16,通常金曜配送とぷらす便水曜配送
5740015,16,通常金曜配送とぷらす便水曜配送
5740016,16,通常金曜配送とぷらす便水曜配送
5740017,16,通常金曜配送とぷらす便水曜配送
5740021,16,通常金曜配送とぷらす便水曜配送
5740022,16,通常金曜配送とぷらす便水曜配送
5740023,16,通常金曜配送とぷらす便水曜配送
5740024,16,通常金曜配送とぷらす便水曜配送
5740025,16,通常金曜配送とぷらす便水曜配送
5740026,16,通常金曜配送とぷらす便水曜配送
5740028,16,通常金曜配送とぷらす便水曜配送
5740031,16,通常金曜配送とぷらす便水曜配送
5740033,16,通常金曜配送とぷらす便水曜配送
5740034,16,通常金曜配送とぷらす便水曜配送
5740036,16,通常金曜配送とぷらす便水曜配送
5740037,16,通常金曜配送とぷらす便水曜配送
5740041,16,通常金曜配送とぷらす便水曜配送
5740042,16,通常金曜配送とぷらす便水曜配送
5740043,16,通常金曜配送とぷらす便水曜配送
5740044,16,通常金曜配送とぷらす便水曜配送
5740045,16,通常金曜配送とぷらす便水曜配送
5740046,16,通常金曜配送とぷらす便水曜配送
5740051,16,通常金曜配送とぷらす便水曜配送
5740052,16,通常金曜配送とぷらす便水曜配送
5740054,16,通常金曜配送とぷらす便水曜配送
5740055,16,通常金曜配送とぷらす便水曜配送
5740056,16,通常金曜配送とぷらす便水曜配送
5740061,16,通常金曜配送とぷらす便水曜配送
5740062,16,通常金曜配送とぷらす便水曜配送
5740063,16,通常金曜配送とぷらす便水曜配送
5740064,16,通常金曜配送とぷらす便水曜配送
5740071,16,通常金曜配送とぷらす便水曜配送
5740072,16,通常金曜配送とぷらす便水曜配送
5740073,16,通常金曜配送とぷらす便水曜配送
5740074,16,通常金曜配送とぷらす便水曜配送
5740077,16,通常金曜配送とぷらす便水曜配送
5750001,16,通常金曜配送とぷらす便水曜配送
5750002,16,通常金曜配送とぷらす便水曜配送
5750003,16,通常金曜配送とぷらす便水曜配送
5750004,16,通常金曜配送とぷらす便水曜配送
5750013,16,通常金曜配送とぷらす便水曜配送
5750021,16,通常金曜配送とぷらす便水曜配送
5750023,16,通常金曜配送とぷらす便水曜配送
5750032,16,通常金曜配送とぷらす便水曜配送
5750033,16,通常金曜配送とぷらす便水曜配送
5750034,16,通常金曜配送とぷらす便水曜配送
5750035,16,通常金曜配送とぷらす便水曜配送
5750036,16,通常金曜配送とぷらす便水曜配送
5750042,16,通常金曜配送とぷらす便水曜配送
5750043,4,通常水曜配送とぷらす便月曜配送
5750044,16,通常金曜配送とぷらす便水曜配送
5750051,16,通常金曜配送とぷらす便水曜配送
5750052,16,通常金曜配送とぷらす便水曜配送
5750053,16,通常金曜配送とぷらす便水曜配送
5750054,16,通常金曜配送とぷらす便水曜配送
5750055,16,通常金曜配送とぷらす便水曜配送
5750061,16,通常金曜配送とぷらす便水曜配送
5750062,16,通常金曜配送とぷらす便水曜配送
5750063,16,通常金曜配送とぷらす便水曜配送
5760004,2,通常火曜配送とぷらす便金曜配送
5760011,16,通常金曜配送とぷらす便水曜配送
5760012,16,通常金曜配送とぷらす便水曜配送
5760013,16,通常金曜配送とぷらす便水曜配送
5760014,16,通常金曜配送とぷらす便水曜配送
5760015,16,通常金曜配送とぷらす便水曜配送
5760016,18,通常火曜配送とぷらす便金曜配送、または通常金曜配送とぷらす便水曜配送
5760017,16,通常金曜配送とぷらす便水曜配送
5760021,16,通常金曜配送とぷらす便水曜配送
5760022,16,通常金曜配送とぷらす便水曜配送
5760031,2,通常火曜配送とぷらす便金曜配送
5760032,2,通常火曜配送とぷらす便金曜配送
5760033,2,通常火曜配送とぷらす便金曜配送
5760034,2,通常火曜配送とぷらす便金曜配送
5760035,2,通常火曜配送とぷらす便金曜配送
5760036,2,通常火曜配送とぷらす便金曜配送
5760041,2,通常火曜配送とぷらす便金曜配送
5760042,2,通常火曜配送とぷらす便金曜配送
5760043,2,通常火曜配送とぷらす便金曜配送
5760051,2,通常火曜配送とぷらす便金曜配送
5760052,2,通常火曜配送とぷらす便金曜配送
5760053,2,通常火曜配送とぷらす便金曜配送
5760054,2,通常火曜配送とぷらす便金曜配送
5760061,2,通常火曜配送とぷらす便金曜配送
5760062,2,通常火曜配送とぷらす便金曜配送
5760063,2,通常火曜配送とぷらす便金曜配送
5760065,2,通常火曜配送とぷらす便金曜配送
5760066,2,通常火曜配送とぷらす便金曜配送
5770001,4,通常水曜配送とぷらす便月曜配送
5770002,4,通常水曜配送とぷらす便月曜配送
5770004,4,通常水曜配送とぷらす便月曜配送
5770005,4,通常水曜配送とぷらす便月曜配送
5770006,4,通常水曜配送とぷらす便月曜配送
5770007,4,通常水曜配送とぷらす便月曜配送
5770011,24,通常木曜配送とぷらす便火曜配送、または通常金曜配送とぷらす便水曜配送
5770012,8,通常木曜配送とぷらす便火曜配送
5770015,8,通常木曜配送とぷらす便火曜配送
5770016,4,通常水曜配送とぷらす便月曜配送
5770017,8,通常木曜配送とぷらす便火曜配送
5770022,16,通常金曜配送とぷらす便水曜配送
5770023,16,通常金曜配送とぷらす便水曜配送
5770024,16,通常金曜配送とぷらす便水曜配送
5770025,8,通常木曜配送とぷらす便火曜配送
5770027,8,通常木曜配送とぷらす便火曜配送
5770028,8,通常木曜配送とぷらす便火曜配送
5770032,8,通常木曜配送とぷらす便火曜配送
5770033,8,通常木曜配送とぷらす便火曜配送
5770034,8,通常木曜配送とぷらす便火曜配送
5770035,8,通常木曜配送とぷらす便火曜配送
5770036,8,通常木曜配送とぷらす便火曜配送
5770042,8,通常木曜配送とぷらす便火曜配送
5770044,8,通常木曜配送とぷらす便火曜配送
5770045,8,通常木曜配送とぷらす便火曜配送
5770046,8,通常木曜配送とぷらす便火曜配送
5770047,8,通常木曜配送とぷらす便火曜配送
5770048,8,通常木曜配送とぷらす便火曜配送
5770052,8,通常木曜配送とぷらす便火曜配送
5770053,8,通常木曜配送とぷらす便火曜配送
5770054,10,通常火曜配送とぷらす便金曜配送、または通常木曜配送とぷらす便火曜配送
5770055,8,通常木曜配送とぷらす便火曜配送
5770056,8,通常木曜配送とぷらす便火曜配送
5770057,8,通常木曜配送とぷらす便火曜配送
5770058,8,通常木曜配送とぷらす便火曜配送
5770061,4,通常水曜配送とぷらす便月曜配送
5770062,4,通常水曜配送とぷらす便月曜配送
5770063,4,通常水曜配送とぷらす便月曜配送
5770064,4,通常水曜配送とぷらす便月曜配送
5770065,8,通常木曜配送とぷらす便火曜配送
5770066,8,通常木曜配送とぷらす便火曜配送
5770067,8,通常木曜配送とぷらす便火曜配送
5770075,8,通常木曜配送とぷらす便火曜配送
5770801,8,通常木曜配送とぷらす便火曜配送
5770802,8,通常木曜配送とぷらす便火曜配送
5770803,10,通常火曜配送とぷらす便金曜配送、または通常木曜配送とぷらす便火曜配送
5770804,8,通常木曜配送とぷらす便火曜配送
5770805,8,通常木曜配送とぷらす便火曜配送
5770806,8,通常木曜配送とぷらす便火曜配送
5770807,8,通常木曜配送とぷらす便火曜配送
5770808,8,通常木曜配送とぷらす便火曜配送
5770809,8,通常木曜配送とぷらす便火曜配送
5770811,8,通常木曜配送とぷらす便火曜配送
5770813,8,通常木曜配送とぷらす便火曜配送
5770814,8,通常木曜配送とぷらす便火曜配送
5770816,8,通常木曜配送とぷらす便火曜配送
5770817,8,通常木曜配送とぷらす便火曜配送
5770818,8,通常木曜配送とぷらす便火曜配送
5770821,8,通常木曜配送とぷらす便火曜配送
5770822,8,通常木曜配送とぷらす便火曜配送
5770823,8,通常木曜配送とぷらす便火曜配送
5770824,8,通常木曜配送とぷらす便火曜配送
5770825,10,通常火曜配送とぷらす便金曜配送、または通常木曜配送とぷらす便火曜配送
5770826,8,通常木曜配送とぷらす便火曜配送
5770827,8,通常木曜配送とぷらす便火曜配送
5770831,8,通常木曜配送とぷらす便火曜配送
5770832,8,通常木曜配送とぷらす便火曜配送
5770834,8,通常木曜配送とぷらす便火曜配送
5770835,8,通常木曜配送とぷらす便火曜配送
5770836,8,通常木曜配送とぷらす便火曜配送
5770837,8,通常木曜配送とぷらす便火曜配送
5770841,8,通常木曜配送とぷらす便火曜配送
5770842,8,通常木曜配送とぷらす便火曜配送
5770843,8,通常木曜配送とぷらす便火曜配送
5770844,8,通常木曜配送とぷらす便火曜配送
5770845,8,通常木曜配送とぷらす便火曜配送
5770846,8,通常木曜配送とぷらす便火曜配送
5770847,8,通常木曜配送とぷらす便火曜配送
5770848,8,通常木曜配送とぷらす便火曜配送
5770849,8,通常木曜配送とぷらす便火曜配送
5780901,16,通常金曜配送とぷらす便水曜配送
5780902,16,通常金曜配送とぷらす便水曜配送
5780903,16,通常金曜配送とぷらす便水曜配送
5780904,16,通常金曜配送とぷらす便水曜配送
5780905,16,通常金曜配送とぷらす便水曜配送
5780911,16,通常金曜配送とぷらす便水曜配送
5780912,16,通常金曜配送とぷらす便水曜配送
5780913,16,通常金曜配送とぷらす便水曜配送
5780914,16,通常金曜配送とぷらす便水曜配送
5780915,16,通常金曜配送とぷらす便水曜配送
5780921,16,通常金曜配送とぷらす便水曜配送
5780922,16,通常金曜配送とぷらす便水曜配送
5780924,24,通常木曜配送とぷらす便火曜配送、または通常金曜配送とぷらす便水曜配送
5780925,24,通常木曜配送とぷらす便火曜配送、または通常金曜配送とぷらす便水曜配送
5780931,8,通常木曜配送とぷらす便火曜配送
5780932,8,通常木曜配送とぷらす便火曜配送
5780933,8,通常木曜配送とぷらす便火曜配送
5780934,8,通常木曜配送とぷらす便火曜配送
5780935,8,通常木曜配送とぷらす便火曜配送
5780936,8,通常木曜配送とぷらす便火曜配送
5780937,8,通常木曜配送とぷらす便火曜配送
5780941,24,通常木曜配送とぷらす便火曜配送、または通常金曜配送とぷらす便水曜配送
5780942,8,通常木曜配送とぷらす便火曜配送
5780943,8,通常木曜配送とぷらす便火曜配送
5780944,8,通常木曜配送とぷらす便火曜配送
5780945,8,通常木曜配送とぷらす便火曜配送
5780946,8,通常木曜配送とぷらす便火曜配送
5780947,24,通常木曜配送とぷらす便火曜配送、または通常金曜配送とぷらす便水曜配送
5780948,24,通常木曜配送とぷらす便火曜配送、または通常金曜配送とぷらす便水曜配送
5780953,16,通常金曜配送とぷらす便水曜配送
5780954,16,通常金曜配送とぷらす便水曜配送
5780955,16,通常金曜配送とぷらす便水曜配送
5780956,16,通常金曜配送とぷらす便水曜配送
5780958,16,通常金曜配送とぷらす便水曜配送
5780961,16,通常金曜配送とぷらす便水曜配送
5780963,16,通常金曜配送とぷらす便水曜配送
5780966,16,通常金曜配送とぷらす便水曜配送
5780967,16,通常金曜配送とぷらす便水曜配送
5780971,16,通常金曜配送とぷらす便水曜配送
5780972,16,通常金曜配送とぷらす便水曜配送
5780973,16,通常金曜配送とぷらす便水曜配送
5780974,16,通常金曜配送とぷらす便水曜配送
5780975,16,通常金曜配送とぷらす便水曜配送
5780976,16,通常金曜配送とぷらす便水曜配送
5780977,4,通常水曜配送とぷらす便月曜配送
5780978,16,通常金曜配送とぷらす便水曜配送
5780981,16,通常金曜配送とぷらす便水曜配送
5780982,16,通常金曜配送とぷらす便水曜配送
5780983,16,通常金曜配送とぷらす便水曜配送
5780984,16,通常金曜配送とぷらす便水曜配送
5798001,16,通常金曜配送とぷらす便水曜配送
5798002,16,通常金曜配送とぷらす便水曜配送
5798003,16,通常金曜配送とぷらす便水曜配送
5798004,16,通常金曜配送とぷらす便水曜配送
5798005,16,通常金曜配送とぷらす便水曜配送
5798011,18,通常火曜配送とぷらす便金曜配送、または通常金曜配送とぷらす便水曜配送
5798012,16,通常金曜配送とぷらす便水曜配送
5798013,16,通常金曜配送とぷらす便水曜配送
5798014,16,通常金曜配送とぷらす便水曜配送
5798015,16,通常金曜配送とぷらす便水曜配送
5798021,16,通常金曜配送とぷらす便水曜配送
5798022,16,通常金曜配送とぷらす便水曜配送
5798023,16,通常金曜配送とぷらす便水曜配送
5798024,16,通常金曜配送とぷらす便水曜配送
5798025,16,通常金曜配送とぷらす便水曜配送
5798026,16,通常金曜配送とぷらす便水曜配送
5798027,16,通常金曜配送とぷらす便水曜配送
5798031,16,通常金曜配送とぷらす便水曜配送
5798032,16,通常金曜配送とぷらす便水曜配送
5798033,16,通常金曜配送とぷらす便水曜配送
5798034,16,通常金曜配送とぷらす便水曜配送
5798035,16,通常金曜配送とぷらす便水曜配送
5798036,16,通常金曜配送とぷらす便水曜配送
5798037,16,通常金曜配送とぷらす便水曜配送
5798038,16,通常金曜配送とぷらす便水曜配送
5798041,24,通常木曜配送とぷらす便火曜配送、または通常金曜配送とぷらす便水曜配送
5798042,16,通常金曜配送とぷらす便水曜配送
5798043,8,通常木曜配送とぷらす便火曜配送
5798044,8,通常木曜配送とぷらす便火曜配送
5798045,24,通常木曜配送とぷらす便火曜配送、または通常金曜配送とぷらす便水曜配送
5798046,8,通常木曜配送とぷらす便火曜配送
5798048,8,通常木曜配送とぷらす便火曜配送
5798051,8,通常木曜配送とぷらす便火曜配送
5798052,8,通常木曜配送とぷらす便火曜配送
5798053,8,通常木曜配送とぷらす便火曜配送
5798054,8,通常木曜配送とぷらす便火曜配送
5798055,8,通常木曜配送とぷらす便火曜配送
5798057,8,通常木曜配送とぷらす便火曜配送
5798058,8,通常木曜配送とぷらす便火曜配送
5798061,8,通常木曜配送とぷらす便火曜配送
5798062,8,通常木曜配送とぷらす便火曜配送
5798063,8,通常木曜配送とぷらす便火曜配送
5798064,8,通常木曜配送とぷらす便火曜配送
5798065,8,通常木曜配送とぷらす便火曜配送
5798066,8,通常木曜配送とぷらす便火曜配送
5798092,16,通常金曜配送とぷらす便水曜配送
5800002,12,通常水曜配送とぷらす便月曜配送、または通常木曜配送とぷらす便火曜配送
5800003,4,通常水曜配送とぷらす便月曜配送
5800005,4,通常水曜配送とぷらす便月曜配送
5800006,4,通常水曜配送とぷらす便月曜配送
5800011,4,通常水曜配送とぷらす便月曜配送
5800012,4,通常水曜配送とぷらす便月曜配送
5800013,4,通常水曜配送とぷらす便月曜配送
5800014,4,通常水曜配送とぷらす便月曜配送
5800015,4,通常水曜配送とぷらす便月曜配送
5800016,4,通常水曜配送とぷらす便月曜配送
5800017,4,通常水曜配送とぷらす便月曜配送
5800021,4,通常水曜配送とぷらす便月曜配送
5800022,4,通常水曜配送とぷらす便月曜配送
5800023,4,通常水曜配送とぷらす便月曜配送
5800024,4,通常水曜配送とぷらす便月曜配送
5800025,4,通常水曜配送とぷらす便月曜配送
5800026,4,通常水曜配送とぷらす便月曜配送
5800031,4,通常水曜配送とぷらす便月曜配送
5800032,4,通常水曜配送とぷらす便月曜配送
5800033,4,通常水曜配送とぷらす便月曜配送
5800034,4,通常水曜配送とぷらす便月曜配送
5800041,4,通常水曜配送とぷらす便月曜配送
5800042,4,通常水曜配送とぷらす便月曜配送
5800043,4,通常水曜配送とぷらす便月曜配送
5800044,4,通常水曜配送とぷらす便月曜配送
5800045,4,通常水曜配送とぷらす便月曜配送
5800046,4,通常水曜配送とぷらす便月曜配送
5810001,2,通常火曜配送とぷらす便金曜配送
5810002,2,通常火曜配送とぷらす便金曜配送
5810003,2,通常火曜配送とぷらす便金曜配送
5810004,2,通常火曜配送とぷらす便金曜配送
5810005,2,通常火曜配送とぷらす便金曜配送
5810006,2,通常火曜配送とぷらす便金曜配送
5810007,2,通常火曜配送とぷらす便金曜配送
5810011,2,通常火曜配送とぷらす便金曜配送
5810012,2,通常火曜配送とぷらす便金曜配送
5810013,2,通常火曜配送とぷらす便金曜配送
5810014,2,通常火曜配送とぷらす便金曜配送
5810015,2,通常火曜配送とぷらす便金曜配送
5810016,2,通常火曜配送とぷらす便金曜配送
5810017,2,通常火曜配送とぷらす便金曜配送
5810018,2,通常火曜配送とぷらす便金曜配送
5810019,2,通常火曜配送とぷらす便金曜配送
5810020,18,通常火曜配送とぷらす便金曜配送、または通常金曜配送とぷらす便水曜配送
5810021,2,通常火曜配送とぷらす便金曜配送
5810022,2,通常火曜配送とぷらす便金曜配送
5810025,2,通常火曜配送とぷらす便金曜配送
5810026,2,通常火曜配送とぷらす便金曜配送
5810027,2,通常火曜配送とぷらす便金曜配送
5810028,2,通常火曜配送とぷらす便金曜配送
5810029,2,通常火曜配送とぷらす便金曜配送
5810030,2,通常火曜配送とぷらす便金曜配送
5810031,2,通常火曜配送とぷらす便金曜配送
5810032,2,通常火曜配送とぷらす便金曜配送
5810033,2,通常火曜配送とぷらす便金曜配送
5810034,2,通常火曜配送とぷらす便金曜配送
5810035,2,通常火曜配送とぷらす便金曜配送
5810036,2,通常火曜配送とぷらす便金曜配送
5810037,2,通常火曜配送とぷらす便金曜配送
5810038,6,通常火曜配送とぷらす便金曜配送、または通常水曜配送とぷらす便月曜配送
5810039,2,通常火曜配送とぷらす便金曜配送
5810041,2,通常火曜配送とぷらす便金曜配送
5810042,18,通常火曜配送とぷらす便金曜配送、または通常金曜配送とぷらす便水曜配送
5810044,6,通常火曜配送とぷらす便金曜配送、または通常水曜配送とぷらす便月曜配送
5810045,4,通常水曜配送とぷらす便月曜配送
5810051,8,通常木曜配送とぷらす便火曜配送
5810052,8,通常木曜配送とぷらす便火曜配送
5810053,8,通常木曜配送とぷらす便火曜配送
5810054,2,通常火曜配送とぷらす便金曜配送
5810056,2,通常火曜配送とぷらす便金曜配送
5810061,2,通常火曜配送とぷらす便金曜配送
5810062,2,通常火曜配送とぷらす便金曜配送
5810063,2,通常火曜配送とぷらす便金曜配送
5810064,2,通常火曜配送とぷらす便金曜配送
5810065,2,通常火曜配送とぷらす便金曜配送
5810068,2,通常火曜配送とぷらす便金曜配送
5810069,2,通常火曜配送とぷらす便金曜配送
5810071,2,通常火曜配送とぷらす便金曜配送
5810072,2,通常火曜配送とぷらす便金曜配送
5810074,2,通常火曜配送とぷらす便金曜配送
5810075,2,通常火曜配送とぷらす便金曜配送
5810076,2,通常火曜配送とぷらす便金曜配送
5810081,2,通常火曜配送とぷらす便金曜配送
5810082,2,通常火曜配送とぷらす便金曜配送
5810083,2,通常火曜配送とぷらす便金曜配送
5810084,2,通常火曜配送とぷらす便金曜配送
5810085,10,通常火曜配送とぷらす便金曜配送、または通常木曜配送とぷらす便火曜配送
5810086,2,通常火曜配送とぷらす便金曜配送
5810087,2,通常火曜配送とぷらす便金曜配送
5810088,2,通常火曜配送とぷらす便金曜配送
5810091,2,通常火曜配送とぷらす便金曜配送
5810092,2,通常火曜配送とぷらす便金曜配送
5810094,2,通常火曜配送とぷらす便金曜配送
5810095,2,通常火曜配送とぷらす便金曜配送
5810801,2,通常火曜配送とぷらす便金曜配送
5810802,2,通常火曜配送とぷらす便金曜配送
5810803,2,通常火曜配送とぷらす便金曜配送
5810813,2,通常火曜配送とぷらす便金曜配送
5810815,2,通常火曜配送とぷらす便金曜配送
5810816,2,通常火曜配送とぷらす便金曜配送
5810817,2,通常火曜配送とぷらす便金曜配送
5810818,10,通常火曜配送とぷらす便金曜配送、または通常木曜配送とぷらす便火曜配送
5810823,2,通常火曜配送とぷらす便金曜配送
5810826,2,通常火曜配送とぷらす便金曜配送
5810831,18,通常火曜配送とぷらす便金曜配送、または通常金曜配送とぷらす便水曜配送
5810833,2,通常火曜配送とぷらす便金曜配送
5810834,2,通常火曜配送とぷらす便金曜配送
5810835,2,通常火曜配送とぷらす便金曜配送
5810836,2,通常火曜配送とぷらす便金曜配送
5810837,2,通常火曜配送とぷらす便金曜配送
5810842,2,通常火曜配送とぷらす便金曜配送
5810843,2,通常火曜配送とぷらす便金曜配送
5810845,2,通常火曜配送とぷらす便金曜配送
5810846,2,通常火曜配送とぷらす便金曜配送
5810847,2,通常火曜配送とぷらす便金曜配送
5810851,2,通常火曜配送とぷらす便金曜配送
5810852,2,通常火曜配送とぷらす便金曜配送
5810853,2,通常火曜配送とぷらす便金曜配送
5810854,2,通常火曜配送とぷらす便金曜配送
5810855,2,通常火曜配送とぷらす便金曜配送
5810861,2,通常火曜配送とぷらす便金曜配送
5810862,2,通常火曜配送とぷらす便金曜配送
5810863,2,通常火曜配送とぷらす便金曜配送
5810864,2,通常火曜配送とぷらす便金曜配送
5810865,2,通常火曜配送とぷらす便金曜配送
5810866,2,通常火曜配送とぷらす便金曜配送
5810867,2,通常火曜配送とぷらす便金曜配送
5810868,2,通常火曜配送とぷらす便金曜配送
5810869,2,通常火曜配送とぷらす便金曜配送
5810871,2,通常火曜配送とぷらす便金曜配送
5810872,2,通常火曜配送とぷらす便金曜配送
5810873,2,通常火曜配送とぷらす便金曜配送
5810874,2,通常火曜配送とぷらす便金曜配送
5810875,2,通常火曜配送とぷらす便金曜配送
5810881,2,通常火曜配送とぷらす便金曜配送
5810882,2,通常火曜配送とぷらす便金曜配送
5810883,2,通常火曜配送とぷらす便金曜配送
5810884,2,通常火曜配送とぷらす便金曜配送
5810885,2,通常火曜配送とぷらす便金曜配送
5820001,2,通常火曜配送とぷらす便金曜配送
5820002,2,通常火曜配送とぷらす便金曜配送
5820003,2,通常火曜配送とぷらす便金曜配送
5820004,2,通常火曜配送とぷらす便金曜配送
5820005,2,通常火曜配送とぷらす便金曜配送
5820006,2,通常火曜配送とぷらす便金曜配送
5820007,2,通常火曜配送とぷらす便金曜配送
5820008,2,通常火曜配送とぷらす便金曜配送
5820009,2,通常火曜配送とぷらす便金曜配送
5820010,2,通常火曜配送とぷらす便金曜配送
5820015,2,通常火曜配送とぷらす便金曜配送
5820016,2,通常火曜配送とぷらす便金曜配送
5820017,2,通常火曜配送とぷらす便金曜配送
5820018,2,通常火曜配送とぷらす便金曜配送
5820019,2,通常火曜配送とぷらす便金曜配送
5820020,2,通常火曜配送とぷらす便金曜配送
5820021,2,通常火曜配送とぷらす便金曜配送
5820022,2,通常火曜配送とぷらす便金曜配送
5820023,2,通常火曜配送とぷらす便金曜配送
5820024,2,通常火曜配送とぷらす便金曜配送
5820025,2,通常火曜配送とぷらす便金曜配送
5820026,2,通常火曜配送とぷらす便金曜配送
5820027,2,通常火曜配送とぷらす便金曜配送
5820028,2,通常火曜配送とぷらす便金曜配送
5820029,2,通常火曜配送とぷらす便金曜配送
5830001,2,通常火曜配送とぷらす便金曜配送
5830002,2,通常火曜配送とぷらす便金曜配送
5830003,2,通常火曜配送とぷらす便金曜配送
5830004,2,通常火曜配送とぷらす便金曜配送
5830005,2,通常火曜配送とぷらす便金曜配送
5830006,2,通常火曜配送とぷらす便金曜配送
5830007,2,通常火曜配送とぷらす便金曜配送
5830008,2,通常火曜配送とぷらす便金曜配送
5830011,2,通常火曜配送とぷらす便金曜配送
5830012,2,通常火曜配送とぷらす便金曜配送
5830013,2,通常火曜配送とぷらす便金曜配送
5830014,2,通常火曜配送とぷらす便金曜配送
5830015,2,通常火曜配送とぷらす便金曜配送
5830016,2,通常火曜配送とぷらす便金曜配送
5830017,2,通常火曜配送とぷらす便金曜配送
5830018,2,通常火曜配送とぷらす便金曜配送
5830021,2,通常火曜配送とぷらす便金曜配送
5830022,2,通常火曜配送とぷらす便金曜配送
5830023,2,通常火曜配送とぷらす便金曜配送
5830024,2,通常火曜配送とぷらす便金曜配送
5830025,2,通常火曜配送とぷらす便金曜配送
5830026,2,通常火曜配送とぷらす便金曜配送
5830027,4,通常水曜配送とぷらす便月曜配送
5830033,6,通常火曜配送とぷらす便金曜配送、または通常水曜配送とぷらす便月曜配送
5830034,2,通常火曜配送とぷらす便金曜配送
5830035,4,通常水曜配送とぷらす便月曜配送
5830036,4,通常水曜配送とぷらす便月曜配送
5830037,4,通常水曜配送とぷらす便月曜配送
5830841,2,通常火曜配送とぷらす便金曜配送
5830844,2,通常火曜配送とぷらす便金曜配送
5830845,2,通常火曜配送とぷらす便金曜配送
5830846,2,通常火曜配送とぷらす便金曜配送
5830847,2,通常火曜配送とぷらす便金曜配送
5830852,2,通常火曜配送とぷらす便金曜配送
5830853,2,通常火曜配送とぷらす便金曜配送
5830854,2,通常火曜配送とぷらす便金曜配送
5830856,2,通常火曜配送とぷらす便金曜配送
5830857,2,通常火曜配送とぷらす便金曜配送
5830858,2,通常火曜配送とぷらす便金曜配送
5830861,2,通常火曜配送とぷらす便金曜配送
5830862,2,通常火曜配送とぷらす便金曜配送
5830863,2,通常火曜配送とぷらす便金曜配送
5830864,2,通常火曜配送とぷらす便金曜配送
5830865,2,通常火曜配送とぷらす便金曜配送
5830866,2,通常火曜配送とぷらす便金曜配送
5830867,2,通常火曜配送とぷらす便金曜配送
5830868,2,通常火曜配送とぷらす便金曜配送
5830871,2,通常火曜配送とぷらす便金曜配送
5830872,2,通常火曜配送とぷらす便金曜配送
5830874,2,通常火曜配送とぷらす便金曜配送
5830875,2,通常火曜配送とぷらす便金曜配送
5830876,2,通常火曜配送とぷらす便金曜配送
5830881,4,通常水曜配送とぷらす便月曜配送
5830882,2,通常火曜配送とぷらす便金曜配送
5830883,2,通常火曜配送とぷらす便金曜配送
5830884,2,通常火曜配送とぷらす便金曜配送
5830885,2,通常火曜配送とぷらす便金曜配送
5830886,4,通常水曜配送とぷらす便月曜配送
5830991,2,通常火曜配送とぷらす便金曜配送
5830992,2,通常火曜配送とぷらす便金曜配送
5830995,2,通常火曜配送とぷらす便金曜配送
5830996,2,通常火曜配送とぷらす便金曜配送
5840000,2,通常火曜配送とぷらす便金曜配送
5840001,2,通常火曜配送とぷらす便金曜配送
5840002,2,通常火曜配送とぷらす便金曜配送
5840003,2,通常火曜配送とぷらす便金曜配送
5840004,10,通常火曜配送とぷらす便金曜配送、または通常木曜配送とぷらす便火曜配送
5840005,2,通常火曜配送とぷらす便金曜配送
5840006,2,通常火曜配送とぷらす便金曜配送
5840007,2,通常火曜配送とぷらす便金曜配送
5840013,2,通常火曜配送とぷらす便金曜配送
5840021,2,通常火曜配送とぷらす便金曜配送
5840023,2,通常火曜配送とぷらす便金曜配送
5840024,2,通常火曜配送とぷらす便金曜配送
5840025,2,通常火曜配送とぷらす便金曜配送
5840026,2,通常火曜配送とぷらす便金曜配送
5840031,2,通常火曜配送とぷらす便金曜配送
5840032,2,通常火曜配送とぷらす便金曜配送
5840033,2,通常火曜配送とぷらす便金曜配送
5840034,2,通常火曜配送とぷらす便金曜配送
5840035,2,通常火曜配送とぷらす便金曜配送
5840036,2,通常火曜配送とぷらす便金曜配送
5840037,2,通常火曜配送とぷらす便金曜配送
5840038,2,通常火曜配送とぷらす便金曜配送
5840039,2,通常火曜配送とぷらす便金曜配送
5840040,2,通常火曜配送とぷらす便金曜配送
5840041,2,通常火曜配送とぷらす便金曜配送
5840043,2,通常火曜配送とぷらす便金曜配送
5840044,2,通常火曜配送とぷらす便金曜配送
5840045,2,通常火曜配送とぷらす便金曜配送
5840046,16,通常金曜配送とぷらす便水曜配送
5840047,2,通常火曜配送とぷらす便金曜配送
5840048,2,通常火曜配送とぷらす便金曜配送
5840051,2,通常火曜配送とぷらす便金曜配送
5840052,2,通常火曜配送とぷらす便金曜配送
5840054,3,通常月曜配送とぷらす便木曜配送、または通常火曜配送とぷらす便金曜配送
5840055,1,通常月曜配送とぷらす便木曜配送
5840056,1,通常月曜配送とぷらす便木曜配送
5840058,1,通常月曜配送とぷらす便木曜配送
5840061,3,通常月曜配送とぷらす便木曜配送、または通常火曜配送とぷらす便金曜配送
5840062,3,通常月曜配送とぷらす便木曜配送、または通常火曜配送とぷらす便金曜配送
5840065,2,通常火曜配送とぷらす便金曜配送
5840066,2,通常火曜配送とぷらす便金曜配送
5840067,2,通常火曜配送とぷらす便金曜配送
5840068,2,通常火曜配送とぷらす便金曜配送
5840069,2,通常火曜配送とぷらす便金曜配送
5840070,2,通常火曜配送とぷらす便金曜配送
5840071,2,通常火曜配送とぷらす便金曜配送
5840072,2,通常火曜配送とぷらす便金曜配送
5840073,2,通常火曜配送とぷらす便金曜配送
5840074,2,通常火曜配送とぷらす便金曜配送
5840076,2,通常火曜配送とぷらす便金曜配送
5840077,2,通常火曜配送とぷらす便金曜配送
5840078,2,通常火曜配送とぷらす便金曜配送
5840079,2,通常火曜配送とぷらす便金曜配送
5840081,2,通常火曜配送とぷらす便金曜配送
5840082,2,通常火曜配送とぷらす便金曜配送
5840083,2,通常火曜配送とぷらす便金曜配送
5840084,2,通常火曜配送とぷらす便金曜配送
5840086,2,通常火曜配送とぷらす便金曜配送
5840091,2,通常火曜配送とぷらす便金曜配送
5840092,2,通常火曜配送とぷらす便金曜配送
5840093,2,通常火曜配送とぷらす便金曜配送
5840094,2,通常火曜配送とぷらす便金曜配送
5850002,2,通常火曜配送とぷらす便金曜配送
5850003,2,通常火曜配送とぷらす便金曜配送
5850005,2,通常火曜配送とぷらす便金曜配送
5850012,2,通常火曜配送とぷらす便金曜配送
5850023,2,通常火曜配送とぷらす便金曜配送
5850025,2,通常火曜配送とぷらす便金曜配送
5850026,2,通常火曜配送とぷらす便金曜配送
5850027,2,通常火曜配送とぷらす便金曜配送
5850031,2,通常火曜配送とぷらす便金曜配送
5850032,2,通常火曜配送とぷらす便金曜配送
5850035,2,通常火曜配送とぷらす便金曜配送
5850041,2,通常火曜配送とぷらす便金曜配送
5850042,2,通常火曜配送とぷらす便金曜配送
5850044,2,通常火曜配送とぷらす便金曜配送
5850053,1,通常月曜配送とぷらす便木曜配送
5850054,1,通常月曜配送とぷらす便木曜配送
5850055,1,通常月曜配送とぷらす便木曜配送
5860001,1,通常月曜配送とぷらす便木曜配送
5860002,1,通常月曜配送とぷらす便木曜配送
5860003,1,通常月曜配送とぷらす便木曜配送
5860004,1,通常月曜配送とぷらす便木曜配送
5860005,1,通常月曜配送とぷらす便木曜配送
5860006,1,通常月曜配送とぷらす便木曜配送
5860007,1,通常月曜配送とぷらす便木曜配送
5860008,1,通常月曜配送とぷらす便木曜配送
5860009,1,通常月曜配送とぷらす便木曜配送
5860011,1,通常月曜配送とぷらす便木曜配送
5860012,1,通常月曜配送とぷらす便木曜配送
5860013,1,通常月曜配送とぷらす便木曜配送
5860014,1,通常月曜配送とぷらす便木曜配送
5860015,1,通常月曜配送とぷらす便木曜配送
5860017,1,通常月曜配送とぷらす便木曜配送
5860018,1,通常月曜配送とぷらす便木曜配送
5860023,1,通常月曜配送とぷらす便木曜配送
5860024,1,通常月曜配送とぷらす便木曜配送
5860025,1,通常月曜配送とぷらす便木曜配送
5860026,1,通常月曜配送とぷらす便木曜配送
5860027,1,通常月曜配送とぷらす便木曜配送
5860031,1,通常月曜配送とぷらす便木曜配送
5860032,1,通常月曜配送とぷらす便木曜配送
5860033,1,通常月曜配送とぷらす便木曜配送
5860034,1,通常月曜配送とぷらす便木曜配送
5860035,1,通常月曜配送とぷらす便木曜配送
5860036,1,通常月曜配送とぷらす便木曜配送
5860037,1,通常月曜配送とぷらす便木曜配送
5860039,1,通常月曜配送とぷらす便木曜配送
5860041,1,通常月曜配送とぷらす便木曜配送
5860042,1,通常月曜配送とぷらす便木曜配送
5860043,1,通常月曜配送とぷらす便木曜配送
5860044,1,通常月曜配送とぷらす便木曜配送
5860045,1,通常月曜配送とぷらす便木曜配送
5860046,1,通常月曜配送とぷらす便木曜配送
5860048,1,通常月曜配送とぷらす便木曜配送
5860051,1,通常月曜配送とぷらす便木曜配送
5860052,1,通常月曜配送とぷらす便木曜配送
5860053,1,通常月曜配送とぷらす便木曜配送
5860054,1,通常月曜配送とぷらす便木曜配送
5860062,1,通常月曜配送とぷらす便木曜配送
5860065,1,通常月曜配送とぷらす便木曜配送
5860067,17,通常月曜配送とぷらす便木曜配送、または通常金曜配送とぷらす便水曜配送
5860068,1,通常月曜配送とぷらす便木曜配送
5860071,1,通常月曜配送とぷらす便木曜配送
5860073,1,通常月曜配送とぷらす便木曜配送
5860074,1,通常月曜配送とぷらす便木曜配送
5860075,1,通常月曜配送とぷらす便木曜配送
5860076,1,通常月曜配送とぷらす便木曜配送
5860077,1,通常月曜配送とぷらす便木曜配送
5860081,1,通常月曜配送とぷらす便木曜配送
5860082,1,通常月曜配送とぷらす便木曜配送
5860083,1,通常月曜配送とぷらす便木曜配送
5860084,1,通常月曜配送とぷらす便木曜配送
5860085,1,通常月曜配送とぷらす便木曜配送
5860086,1,通常月曜配送とぷらす便木曜配送
5860087,1,通常月曜配送とぷらす便木曜配送
5860091,1,通常月曜配送とぷらす便木曜配送
5860092,1,通常月曜配送とぷらす便木曜配送
5860093,1,通常月曜配送とぷらす便木曜配送
5860094,1,通常月曜配送とぷらす便木曜配送
5860095,1,通常月曜配送とぷらす便木曜配送
5860096,1,通常月曜配送とぷらす便木曜配送
5870002,2,通常火曜配送とぷらす便金曜配送
5870003,2,通常火曜配送とぷらす便金曜配送
5870011,4,通常水曜配送とぷらす便月曜配送
5870012,2,通常火曜配送とぷらす便金曜配送
5870013,2,通常火曜配送とぷらす便金曜配送
5870021,2,通常火曜配送とぷらす便金曜配送
5870022,2,通常火曜配送とぷらす便金曜配送
5870031,2,通常火曜配送とぷらす便金曜配送
5870032,2,通常火曜配送とぷらす便金曜配送
5870041,2,通常火曜配送とぷらす便金曜配送
5870043,2,通常火曜配送とぷらす便金曜配送
5870051,18,通常火曜配送とぷらす便金曜配送、または通常金曜配送とぷらす便水曜配送
5870052,2,通常火曜配送とぷらす便金曜配送
5870053,16,通常金曜配送とぷらす便水曜配送
5870054,2,通常火曜配送とぷらす便金曜配送
5870062,18,通常火曜配送とぷらす便金曜配送、または通常金曜配送とぷらす便水曜配送
5870063,16,通常金曜配送とぷらす便水曜配送
5870064,16,通常金曜配送とぷらす便水曜配送
5888103,16,通常金曜配送とぷらす便水曜配送
5890001,16,通常金曜配送とぷらす便水曜配送
5890002,16,通常金曜配送とぷらす便水曜配送
5890004,16,通常金曜配送とぷらす便水曜配送
5890005,16,通常金曜配送とぷらす便水曜配送
5890006,18,通常火曜配送とぷらす便金曜配送、または通常金曜配送とぷらす便水曜配送
5890007,16,通常金曜配送とぷらす便水曜配送
5890008,16,通常金曜配送とぷらす便水曜配送
5890009,16,通常金曜配送とぷらす便水曜配送
5890011,17,通常月曜配送とぷらす便木曜配送、または通常金曜配送とぷらす便水曜配送
5890012,1,通常月曜配送とぷらす便木曜配送
5890013,1,通常月曜配送とぷらす便木曜配送
5890014,1,通常月曜配送とぷらす便木曜配送
5890015,1,通常月曜配送とぷらす便木曜配送
5890016,1,通常月曜配送とぷらす便木曜配送
5890021,1,通常月曜配送とぷらす便木曜配送
5890022,1,通常月曜配送とぷらす便木曜配送
5890023,1,通常月曜配送とぷらす便木曜配送
5890031,16,通常金曜配送とぷらす便水曜配送
5890032,1,通常月曜配送とぷらす便木曜配送
5890033,16,通常金曜配送とぷらす便水曜配送
5890036,16,通常金曜配送とぷらす便水曜配送
5900001,4,通常水曜配送とぷらす便月曜配送
5900002,4,通常水曜配送とぷらす便月曜配送
5900003,4,通常水曜配送とぷらす便月曜配送
5900004,4,通常水曜配送とぷらす便月曜配送
5900005,4,通常水曜配送とぷらす便月曜配送
5900007,4,通常水曜配送とぷらす便月曜配送
5900011,4,通常水曜配送とぷらす便月曜配送
5900012,4,通常水曜配送とぷらす便月曜配送
5900013,4,通常水曜配送とぷらす便月曜配送
5900014,4,通常水曜配送とぷらす便月曜配送
5900015,4,通常水曜配送とぷらす便月曜配送
5900016,4,通常水曜配送とぷらす便月曜配送
5900017,4,通常水曜配送とぷらす便月曜配送
5900018,4,通常水曜配送とぷらす便月曜配送
5900021,4,通常水曜配送とぷらす便月曜配送
5900022,12,通常水曜配送とぷらす便月曜配送、または通常木曜配送とぷらす便火曜配送
5900023,4,通常水曜配送とぷらす便月曜配送
5900024,16,通常金曜配送とぷらす便水曜配送
5900025,20,通常水曜配送とぷらす便月曜配送、または通常金曜配送とぷらす便水曜配送
5900026,20,通常水曜配送とぷらす便月曜配送、または通常金曜配送とぷらす便水曜配送
5900027,4,通常水曜配送とぷらす便月曜配送
5900028,4,通常水曜配送とぷらす便月曜配送
5900031,4,通常水曜配送とぷらす便月曜配送
5900033,4,通常水曜配送とぷらす便月曜配送
5900035,16,通常金曜配送とぷらす便水曜配送
5900036,16,通常金曜配送とぷらす便水曜配送
5900037,16,通常金曜配送とぷらす便水曜配送
5900041,16,通常金曜配送とぷらす便水曜配送
5900042,16,通常金曜配送とぷらす便水曜配送
5900043,16,通常金曜配送とぷらす便水曜配送
5900044,16,通常金曜配送とぷらす便水曜配送
5900046,16,通常金曜配送とぷらす便水曜配送
5900048,16,通常金曜配送とぷらす便水曜配送
5900051,16,通常金曜配送とぷらす便水曜配送
5900056,16,通常金曜配送とぷらす便水曜配送
5900057,16,通常金曜配送とぷらす便水曜配送
5900061,4,通常水曜配送とぷらす便月曜配送
5900064,16,通常金曜配送とぷらす便水曜配送
5900065,16,通常金曜配送とぷらす便水曜配送
5900066,16,通常金曜配送とぷらす便水曜配送
5900073,4,通常水曜配送とぷらす便月曜配送
5900074,4,通常水曜配送とぷらす便月曜配送
5900076,4,通常水曜配送とぷらす便月曜配送
5900101,16,通常金曜配送とぷらす便水曜配送
5900102,16,通常金曜配送とぷらす便水曜配送
5900103,16,通常金曜配送とぷらす便水曜配送
5900104,16,通常金曜配送とぷらす便水曜配送
5900105,16,通常金曜配送とぷらす便水曜配送
5900106,16,通常金曜配送とぷらす便水曜配送
5900111,16,通常金曜配送とぷらす便水曜配送
5900112,1,通常月曜配送とぷらす便木曜配送
5900113,16,通常金曜配送とぷらす便水曜配送
5900114,16,通常金曜配送とぷらす便水曜配送
5900115,16,通常金曜配送とぷらす便水曜配送
5900116,16,通常金曜配送とぷらす便水曜配送
5900117,16,通常金曜配送とぷらす便水曜配送
5900121,16,通常金曜配送とぷらす便水曜配送
5900122,16,通常金曜配送とぷらす便水曜配送
5900123,16,通常金曜配送とぷらす便水曜配送
5900124,16,通常金曜配送とぷらす便水曜配送
5900125,16,通常金曜配送とぷらす便水曜配送
5900126,16,通常金曜配送とぷらす便水曜配送
5900127,16,通常金曜配送とぷらす便水曜配送
5900132,1,通常月曜配送とぷらす便木曜配送
5900133,17,通常月曜配送とぷらす便木曜配送、または通常金曜配送とぷらす便水曜配送
5900134,17,通常月曜配送とぷらす便木曜配送、または通常金曜配送とぷらす便水曜配送
5900136,1,通常月曜配送とぷらす便木曜配送
5900137,1,通常月曜配送とぷらす便木曜配送
5900138,1,通常月曜配送とぷらす便木曜配送
5900141,1,通常月曜配送とぷらす便木曜配送
5900142,1,通常月曜配送とぷらす便木曜配送
5900143,1,通常月曜配送とぷらす便木曜配送
5900144,1,通常月曜配送とぷらす便木曜配送
5900145,1,通常月曜配送とぷらす便木曜配送
5900152,16,通常金曜配送とぷらす便水曜配送
5900153,1,通常月曜配送とぷらす便木曜配送
5900154,1,通常月曜配送とぷらす便木曜配送
5900155,17,通常月曜配送とぷらす便木曜配送、または通常金曜配送とぷらす便水曜配送
5900156,17,通常月曜配送とぷらす便木曜配送、または通常金曜配送とぷらす便水曜配送
5900402,2,通常火曜配送とぷらす便金曜配送
5900403,2,通常火曜配送とぷらす便金曜配送
5900404,2,通常火曜配送とぷらす便金曜配送
5900405,2,通常火曜配送とぷらす便金曜配送
5900406,2,通常火曜配送とぷらす便金曜配送
5900407,2,通常火曜配送とぷらす便金曜配送
5900412,2,通常火曜配送とぷらす便金曜配送
5900414,2,通常火曜配送とぷらす便金曜配送
5900415,2,通常火曜配送とぷらす便金曜配送
5900416,2,通常火曜配送とぷらす便金曜配送
5900422,2,通常火曜配送とぷらす便金曜配送
5900424,2,通常火曜配送とぷらす便金曜配送
5900427,2,通常火曜配送とぷらす便金曜配送
5900432,2,通常火曜配送とぷらす便金曜配送
5900433,2,通常火曜配送とぷらす便金曜配送
5900434,2,通常火曜配送とぷらす便金曜配送
5900435,2,通常火曜配送とぷらす便金曜配送
5900442,2,通常火曜配送とぷらす便金曜配送
5900444,2,通常火曜配送とぷらす便金曜配送
5900445,2,通常火曜配送とぷらす便金曜配送
5900451,2,通常火曜配送とぷらす便金曜配送
5900452,2,通常火曜配送とぷらす便金曜配送
5900453,2,通常火曜配送とぷらす便金曜配送
5900454,2,通常火曜配送とぷらす便金曜配送
5900456,2,通常火曜配送とぷらす便金曜配送
5900457,2,通常火曜配送とぷらす便金曜配送
5900458,2,通常火曜配送とぷらす便金曜配送
5900501,2,通常火曜配送とぷらす便金曜配送
5900503,2,通常火曜配送とぷらす便金曜配送
5900504,2,通常火曜配送とぷらす便金曜配送
5900505,2,通常火曜配送とぷらす便金曜配送
5900512,2,通常火曜配送とぷらす便金曜配送
5900515,2,通常火曜配送とぷらす便金曜配送
5900521,2,通常火曜配送とぷらす便金曜配送
5900522,2,通常火曜配送とぷらす便金曜配送
5900525,2,通常火曜配送とぷらす便金曜配送
5900526,2,通常火曜配送とぷらす便金曜配送
5900531,2,通常火曜配送とぷらす便金曜配送
5900532,2,通常火曜配送とぷらす便金曜配送
5900533,2,通常火曜配送とぷらす便金曜配送
5900801,16,通常金曜配送とぷらす便水曜配送
5900802,16,通常金曜配送とぷらす便水曜配送
5900803,16,通常金曜配送とぷらす便水曜配送
5900804,16,通常金曜配送とぷらす便水曜配送
5900805,16,通常金曜配送とぷらす便水曜配送
5900806,16,通常金曜配送とぷらす便水曜配送
5900808,16,通常金曜配送とぷらす便水曜配送
5900809,16,通常金曜配送とぷらす便水曜配送
5900812,16,通常金曜配送とぷらす便水曜配送
5900814,16,通常金曜配送とぷらす便水曜配送
5900820,16,通常金曜配送とぷらす便水曜配送
5900825,16,通常金曜配送とぷらす便水曜配送
5900826,16,通常金曜配送とぷらす便水曜配送
5900829,16,通常金曜配送とぷらす便水曜配送
5900832,16,通常金曜配送とぷらす便水曜配送
5900833,16,通常金曜配送とぷらす便水曜配送
5900834,16,通常金曜配送とぷらす便水曜配送
5900835,16,通常金曜配送とぷらす便水曜配送
5900836,16,通常金曜配送とぷらす便水曜配送
5900837,16,通常金曜配送とぷらす便水曜配送
5900903,4,通常水曜配送とぷらす便月曜配送
5900904,4,通常水曜配送とぷらす便月曜配送
5900906,4,通常水曜配送とぷらす便月曜配送
5900907,4,通常水曜配送とぷらす便月曜配送
5900911,4,通常水曜配送とぷらす便月曜配送
5900923,4,通常水曜配送とぷらす便月曜配送
5900926,4,通常水曜配送とぷらす便月曜配送
5900928,4,通常水曜配送とぷらす便月曜配送
5900930,4,通常水曜配送とぷらす便月曜配送
5900932,4,通常水曜配送とぷらす便月曜配送
5900933,4,通常水曜配送とぷらす便月曜配送
5900936,4,通常水曜配送とぷらす便月曜配送
5900937,4,通常水曜配送とぷらす便月曜配送
5900938,4,通常水曜配送とぷらす便月曜配送
5900940,4,通常水曜配送とぷらす便月曜配送
5900941,4,通常水曜配送とぷらす便月曜配送
5900942,4,通常水曜配送とぷらす便月曜配送
5900943,4,通常水曜配送とぷらす便月曜配送
5900944,4,通常水曜配送とぷらす便月曜配送
5900945,4,通常水曜配送とぷらす便月曜配送
5900946,4,通常水曜配送とぷらす便月曜配送
5900947,4,通常水曜配送とぷらす便月曜配送
5900948,4,通常水曜配送とぷらす便月曜配送
5900950,4,通常水曜配送とぷらす便月曜配送
5900951,4,通常水曜配送とぷらす便月曜配送
5900952,4,通常水曜配送とぷらす便月曜配送
5900953,4,通常水曜配送とぷらす便月曜配送
5900954,4,通常水曜配送とぷらす便月曜配送
5900956,16,通常金曜配送とぷらす便水曜配送
5900957,16,通常金曜配送とぷらす便水曜配送
5900959,4,通常水曜配送とぷらす便月曜配送
5900960,16,通常金曜配送とぷらす便水曜配送
5900961,16,通常金曜配送とぷらす便水曜配送
5900963,16,通常金曜配送とぷらす便水曜配送
5900964,16,通常金曜配送とぷらす便水曜配送
5900971,4,通常水曜配送とぷらす便月曜配送
5900972,20,通常水曜配送とぷらす便月曜配送、または通常金曜配送とぷらす便水曜配送
5900973,16,通常金曜配送とぷらす便水曜配送
5900974,16,通常金曜配送とぷらす便水曜配送
5900975,16,通常金曜配送とぷらす便水曜配送
5900976,16,通常金曜配送とぷらす便水曜配送
5900982,4,通常水曜配送とぷらす便月曜配送
5900983,4,通常水曜配送とぷらす便月曜配送
5900984,4,通常水曜配送とぷらす便月曜配送
5900985,4,通常水曜配送とぷらす便月曜配送
5910000,20,通常水曜配送とぷらす便月曜配送、または通常金曜配送とぷらす便水曜配送
5918001,5,通常月曜配送とぷらす便木曜配送、または通常水曜配送とぷらす便月曜配送
5918002,4,通常水曜配送とぷらす便月曜配送
5918003,4,通常水曜配送とぷらす便月曜配送
5918004,4,通常水曜配送とぷらす便月曜配送
5918005,4,通常水曜配送とぷらす便月曜配送
5918006,4,通常水曜配送とぷらす便月曜配送
5918007,4,通常水曜配送とぷらす便月曜配送
5918008,4,通常水曜配送とぷらす便月曜配送
5918011,4,通常水曜配送とぷらす便月曜配送
5918012,4,通常水曜配送とぷらす便月曜配送
5918013,4,通常水曜配送とぷらす便月曜配送
5918021,4,通常水曜配送とぷらす便月曜配送
5918022,4,通常水曜配送とぷらす便月曜配送
5918023,20,通常水曜配送とぷらす便月曜配送、または通常金曜配送とぷらす便水曜配送
5918024,16,通常金曜配送とぷらす便水曜配送
5918025,20,通常水曜配送とぷらす便月曜配送、または通常金曜配送とぷらす便水曜配送
5918031,16,通常金曜配送とぷらす便水曜配送
5918032,16,通常金曜配送とぷらす便水曜配送
5918033,16,通常金曜配送とぷらす便水曜配送
5918034,16,通常金曜配送とぷらす便水曜配送
5918035,16,通常金曜配送とぷらす便水曜配送
5918036,16,通常金曜配送とぷらす便水曜配送
5918037,16,通常金曜配送とぷらす便水曜配送
5918041,4,通常水曜配送とぷらす便月曜配送
5918042,4,通常水曜配送とぷらす便月曜配送
5918043,4,通常水曜配送とぷらす便月曜配送
5918044,4,通常水曜配送とぷらす便月曜配送
5918045,4,通常水曜配送とぷらす便月曜配送
5918046,20,通常水曜配送とぷらす便月曜配送、または通常金曜配送とぷらす便水曜配送
5920002,16,通常金曜配送とぷらす便水曜配送
5920003,16,通常金曜配送とぷらす便水曜配送
5920004,16,通常金曜配送とぷらす便水曜配送
5920005,16,通常金曜配送とぷらす便水曜配送
5920011,16,通常金曜配送とぷらす便水曜配送
5920012,16,通常金曜配送とぷらす便水曜配送
5920013,16,通常金曜配送とぷらす便水曜配送
5920014,16,通常金曜配送とぷらす便水曜配送
5928333,16,通常金曜配送とぷらす便水曜配送
5928334,16,通常金曜配送とぷらす便水曜配送
5928335,16,通常金曜配送とぷらす便水曜配送
5928341,16,通常金曜配送とぷらす便水曜配送
5928342,16,通常金曜配送とぷらす便水曜配送
5928343,16,通常金曜配送とぷらす便水曜配送
5928344,17,通常月曜配送とぷらす便木曜配送、または通常金曜配送とぷらす便水曜配送
5928345,16,通常金曜配送とぷらす便水曜配送
5928346,16,通常金曜配送とぷらす便水曜配送
5928347,16,通常金曜配送とぷらす便水曜配送
5928348,16,通常金曜配送とぷらす便水曜配送
5928349,16,通常金曜配送とぷらす便水曜配送
5938301,16,通常金曜配送とぷらす便水曜配送
5938302,16,通常金曜配送とぷらす便水曜配送
5938303,16,通常金曜配送とぷらす便水曜配送
5938304,16,通常金曜配送とぷらす便水曜配送
5938305,16,通常金曜配送とぷらす便水曜配送
5938307,16,通常金曜配送とぷらす便水曜配送
5938308,16,通常金曜配送とぷらす便水曜配送
5938311,16,通常金曜配送とぷらす便水曜配送
5938312,16,通常金曜配送とぷらす便水曜配送
5938314,16,通常金曜配送とぷらす便水曜配送
5938315,17,通常月曜配送とぷらす便木曜配送、または通常金曜配送とぷらす便水曜配送
5938316,16,通常金曜配送とぷらす便水曜配送
5938317,16,通常金曜配送とぷらす便水曜配送
5938321,16,通常金曜配送とぷらす便水曜配送
5938322,16,通常金曜配送とぷらす便水曜配送
5938323,16,通常金曜配送とぷらす便水曜配送
5938324,16,通常金曜配送とぷらす便水曜配送
5938325,20,通常水曜配送とぷらす便月曜配送、または通常金曜配送とぷらす便水曜配送
5938326,16,通常金曜配送とぷらす便水曜配送
5938327,16,通常金曜配送とぷらす便水曜配送
5938328,16,通常金曜配送とぷらす便水曜配送
5938329,16,通常金曜配送とぷらす便水曜配送
5940001,1,通常月曜配送とぷらす便木曜配送
5940002,1,通常月曜配送とぷらす便木曜配送
5940003,1,通常月曜配送とぷらす便木曜配送
5940004,1,通常月曜配送とぷらす便木曜配送
5940006,1,通常月曜配送とぷらす便木曜配送
5940011,1,通常月曜配送とぷらす便木曜配送
5940013,1,通常月曜配送とぷらす便木曜配送
5940021,1,通常月曜配送とぷらす便木曜配送
5940022,1,通常月曜配送とぷらす便木曜配送
5940023,1,通常月曜配送とぷらす便木曜配送
5940031,17,通常月曜配送とぷらす便木曜配送、または通常金曜配送とぷらす便水曜配送
5940032,1,通常月曜配送とぷらす便木曜配送
5940041,1,通常月曜配送とぷらす便木曜配送
5940042,1,通常月曜配送とぷらす便木曜配送
5940052,1,通常月曜配送とぷらす便木曜配送
5940053,1,通常月曜配送とぷらす便木曜配送
5940054,1,通常月曜配送とぷらす便木曜配送
5940061,1,通常月曜配送とぷらす便木曜配送
5940062,1,通常月曜配送とぷらす便木曜配送
5940063,1,通常月曜配送とぷらす便木曜配送
5940064,1,通常月曜配送とぷらす便木曜配送
5940065,1,通常月曜配送とぷらす便木曜配送
5940066,1,通常月曜配送とぷらす便木曜配送
5940071,1,通常月曜配送とぷらす便木曜配送
5940073,1,通常月曜配送とぷらす便木曜配送
5940074,1,通常月曜配送とぷらす便木曜配送
5940076,1,通常月曜配送とぷらす便木曜配送
5940081,17,通常月曜配送とぷらす便木曜配送、または通常金曜配送とぷらす便水曜配送
5940082,1,通常月曜配送とぷらす便木曜配送
5940083,1,通常月曜配送とぷらす便木曜配送
5941101,1,通常月曜配送とぷらす便木曜配送
5941102,1,通常月曜配送とぷらす便木曜配送
5941104,1,通常月曜配送とぷらす便木曜配送
5941105,1,通常月曜配送とぷらす便木曜配送
5941106,17,通常月曜配送とぷらす便木曜配送、または通常金曜配送とぷらす便水曜配送
5941111,1,通常月曜配送とぷらす便木曜配送
5941112,1,通常月曜配送とぷらす便木曜配送
5941116,1,通常月曜配送とぷらす便木曜配送
5941117,1,通常月曜配送とぷらす便木曜配送
5941118,1,通常月曜配送とぷらす便木曜配送
5941151,17,通常月曜配送とぷらす便木曜配送、または通常金曜配送とぷらす便水曜配送
5941153,1,通常月曜配送とぷらす便木曜配送
5941155,1,通常月曜配送とぷらす便木曜配送
5941156,1,通常月曜配送とぷらす便木曜配送
5950002,1,通常月曜配送とぷらす便木曜配送
5950003,1,通常月曜配送とぷらす便木曜配送
5950004,1,通常月曜配送とぷらす便木曜配送
5950005,1,通常月曜配送とぷらす便木曜配送
5950006,1,通常月曜配送とぷらす便木曜配送
5950007,1,通常月曜配送とぷらす便木曜配送
5950011,1,通常月曜配送とぷらす便木曜配送
5950012,1,通常月曜配送とぷらす便木曜配送
5950013,1,通常月曜配送とぷらす便木曜配送
5950014,1,通常月曜配送とぷらす便木曜配送
5950015,1,通常月曜配送とぷらす便木曜配送
5950016,1,通常月曜配送とぷらす便木曜配送
5950017,1,通常月曜配送とぷらす便木曜配送
5950021,1,通常月曜配送とぷらす便木曜配送
5950023,1,通常月曜配送とぷらす便木曜配送
5950024,1,通常月曜配送とぷらす便木曜配送
5950025,1,通常月曜配送とぷらす便木曜配送
5950026,1,通常月曜配送とぷらす便木曜配送
5950027,1,通常月曜配送とぷらす便木曜配送
5950031,1,通常月曜配送とぷらす便木曜配送
5950033,1,通常月曜配送とぷらす便木曜配送
5950035,1,通常月曜配送とぷらす便木曜配送
5950037,1,通常月曜配送とぷらす便木曜配送
5950039,1,通常月曜配送とぷらす便木曜配送
5950042,1,通常月曜配送とぷらす便木曜配送
5950043,1,通常月曜配送とぷらす便木曜配送
5950044,1,通常月曜配送とぷらす便木曜配送
5950045,1,通常月曜配送とぷらす便木曜配送
5950046,1,通常月曜配送とぷらす便木曜配送
5950051,1,通常月曜配送とぷらす便木曜配送
5950052,1,通常月曜配送とぷらす便木曜配送
5950054,1,通常月曜配送とぷらす便木曜配送
5950055,1,通常月曜配送とぷらす便木曜配送
5950061,1,通常月曜配送とぷらす便木曜配送
5950062,3,通常月曜配送とぷらす便木曜配送、または通常火曜配送とぷらす便金曜配送
5950063,1,通常月曜配送とぷらす便木曜配送
5950065,1,通常月曜配送とぷらす便木曜配送
5950066,1,通常月曜配送とぷらす便木曜配送
5950071,1,通常月曜配送とぷらす便木曜配送
5950072,1,通常月曜配送とぷらす便木曜配送
5950801,1,通常月曜配送とぷらす便木曜配送
5950804,1,通常月曜配送とぷらす便木曜配送
5950805,1,通常月曜配送とぷらす便木曜配送
5950811,1,通常月曜配送とぷらす便木曜配送
5950812,1,通常月曜配送とぷらす便木曜配送
5950813,1,通常月曜配送とぷらす便木曜配送
5960001,1,通常月曜配送とぷらす便木曜配送
5960002,1,通常月曜配送とぷらす便木曜配送
5960003,1,通常月曜配送とぷらす便木曜配送
5960004,1,通常月曜配送とぷらす便木曜配送
5960005,1,通常月曜配送とぷらす便木曜配送
5960006,1,通常月曜配送とぷらす便木曜配送
5960014,1,通常月曜配送とぷらす便木曜配送
5960021,1,通常月曜配送とぷらす便木曜配送
5960023,1,通常月曜配送とぷらす便木曜配送
5960024,1,通常月曜配送とぷらす便木曜配送
5960026,1,通常月曜配送とぷらす便木曜配送
5960031,1,通常月曜配送とぷらす便木曜配送
5960033,1,通常月曜配送とぷらす便木曜配送
5960034,1,通常月曜配送とぷらす便木曜配送
5960035,1,通常月曜配送とぷらす便木曜配送
5960037,1,通常月曜配送とぷらす便木曜配送
5960041,1,通常月曜配送とぷらす便木曜配送
5960042,1,通常月曜配送とぷらす便木曜配送
5960043,1,通常月曜配送とぷらす便木曜配送
5960044,1,通常月曜配送とぷらす便木曜配送
5960045,1,通常月曜配送とぷらす便木曜配送
5960046,1,通常月曜配送とぷらす便木曜配送
5960049,1,通常月曜配送とぷらす便木曜配送
5960051,1,通常月曜配送とぷらす便木曜配送
5960052,1,通常月曜配送とぷらす便木曜配送
5960053,1,通常月曜配送とぷらす便木曜配送
5960054,1,通常月曜配送とぷらす便木曜配送
5960061,1,通常月曜配送とぷらす便木曜配送
5960065,1,通常月曜配送とぷらす便木曜配送
5960066,1,通常月曜配送とぷらす便木曜配送
5960067,1,通常月曜配送とぷらす便木曜配送
5960072,1,通常月曜配送とぷらす便木曜配送
5960073,1,通常月曜配送とぷらす便木曜配送
5960076,1,通常月曜配送とぷらす便木曜配送
5960077,1,通常月曜配送とぷらす便木曜配送
5960078,1,通常月曜配送とぷらす便木曜配送
5960101,1,通常月曜配送とぷらす便木曜配送
5960104,1,通常月曜配送とぷらす便木曜配送
5960105,1,通常月曜配送とぷらす便木曜配送
5960111,1,通常月曜配送とぷらす便木曜配送
5960113,1,通常月曜配送とぷらす便木曜配送
5960114,1,通常月曜配送とぷらす便木曜配送
5960801,1,通常月曜配送とぷらす便木曜配送
5960802,1,通常月曜配送とぷらす便木曜配送
5960804,1,通常月曜配送とぷらす便木曜配送
5960805,1,通常月曜配送とぷらす便木曜配送
5960806,1,通常月曜配送とぷらす便木曜配送
5960807,1,通常月曜配送とぷらす便木曜配送
5960808,1,通常月曜配送とぷらす便木曜配送
5960811,1,通常月曜配送とぷらす便木曜配送
5960812,1,通常月曜配送とぷらす便木曜配送
5960813,1,通常月曜配送とぷらす便木曜配送
5960814,1,通常月曜配送とぷらす便木曜配送
5960816,1,通常月曜配送とぷらす便木曜配送
5960817,1,通常月曜配送とぷらす便木曜配送
5960821,1,通常月曜配送とぷらす便木曜配送
5960822,1,通常月曜配送とぷらす便木曜配送
5960823,1,通常月曜配送とぷらす便木曜配送
5960825,3,通常月曜配送とぷらす便木曜配送、または通常火曜配送とぷらす便金曜配送
5960826,1,通常月曜配送とぷらす便木曜配送
5960827,3,通常月曜配送とぷらす便木曜配送、または通常火曜配送とぷらす便金曜配送
5960828,1,通常月曜配送とぷらす便木曜配送
5960831,1,通常月曜配送とぷらす便木曜配送
5960832,1,通常月曜配送とぷらす便木曜配送
5960833,1,通常月曜配送とぷらす便木曜配送
5960834,17,通常月曜配送とぷらす便木曜配送、または通常金曜配送とぷらす便水曜配送
5960835,1,通常月曜配送とぷらす便木曜配送
5960836,1,通常月曜配送とぷらす便木曜配送
5960842,1,通常月曜配送とぷらす便木曜配送
5960844,1,通常月曜配送とぷらす便木曜配送
5960845,1,通常月曜配送とぷらす便木曜配送
5970001,2,通常火曜配送とぷらす便金曜配送
5970002,2,通常火曜配送とぷらす便金曜配送
5970003,2,通常火曜配送とぷらす便金曜配送
5970004,2,通常火曜配送とぷらす便金曜配送
5970005,2,通常火曜配送とぷらす便金曜配送
5970011,2,通常火曜配送とぷらす便金曜配送
5970013,2,通常火曜配送とぷらす便金曜配送
5970015,2,通常火曜配送とぷらす便金曜配送
5970021,3,通常月曜配送とぷらす便木曜配送、または通常火曜配送とぷらす便金曜配送
5970022,2,通常火曜配送とぷらす便金曜配送
5970023,2,通常火曜配送とぷらす便金曜配送
5970031,2,通常火曜配送とぷらす便金曜配送
5970032,2,通常火曜配送とぷらす便金曜配送
5970033,2,通常火曜配送とぷらす便金曜配送
5970041,2,通常火曜配送とぷらす便金曜配送
5970042,2,通常火曜配送とぷらす便金曜配送
5970043,2,通常火曜配送とぷらす便金曜配送
5970044,2,通常火曜配送とぷらす便金曜配送
5970046,2,通常火曜配送とぷらす便金曜配送
5970051,2,通常火曜配送とぷらす便金曜配送
5970052,2,通常火曜配送とぷらす便金曜配送
5970053,2,通常火曜配送とぷらす便金曜配送
5970062,2,通常火曜配送とぷらす便金曜配送
5970071,2,通常火曜配送とぷらす便金曜配送
5970072,2,通常火曜配送とぷらす便金曜配送
5970073,2,通常火曜配送とぷらす便金曜配送
5970074,2,通常火曜配送とぷらす便金曜配送
5970081,2,通常火曜配送とぷらす便金曜配送
5970082,2,通常火曜配送とぷらす便金曜配送
5970083,2,通常火曜配送とぷらす便金曜配送
5970091,3,通常月曜配送とぷらす便木曜配送、または通常火曜配送とぷらす便金曜配送
5970102,2,通常火曜配送とぷらす便金曜配送
5970103,3,通常月曜配送とぷらす便木曜配送、または通常火曜配送とぷらす便金曜配送
5970104,2,通常火曜配送とぷらす便金曜配送
5970105,2,通常火曜配送とぷらす便金曜配送
5980001,2,通常火曜配送とぷらす便金曜配送
5980002,2,通常火曜配送とぷらす便金曜配送
5980003,2,通常火曜配送とぷらす便金曜配送
5980005,2,通常火曜配送とぷらす便金曜配送
5980006,2,通常火曜配送とぷらす便金曜配送
5980007,2,通常火曜配送とぷらす便金曜配送
5980008,2,通常火曜配送とぷらす便金曜配送
5980011,2,通常火曜配送とぷらす便金曜配送
5980012,2,通常火曜配送とぷらす便金曜配送
5980013,2,通常火曜配送とぷらす便金曜配送
5980014,2,通常火曜配送とぷらす便金曜配送
5980015,2,通常火曜配送とぷらす便金曜配送
5980016,2,通常火曜配送とぷらす便金曜配送
5980021,2,通常火曜配送とぷらす便金曜配送
5980022,2,通常火曜配送とぷらす便金曜配送
5980024,2,通常火曜配送とぷらす便金曜配送
5980031,2,通常火曜配送とぷらす便金曜配送
5980033,2,通常火曜配送とぷらす便金曜配送
5980034,2,通常火曜配送とぷらす便金曜配送
5980037,2,通常火曜配送とぷらす便金曜配送
5980041,2,通常火曜配送とぷらす便金曜配送
5980044,2,通常火曜配送とぷらす便金曜配送
5980045,2,通常火曜配送とぷらす便金曜配送
5980046,2,通常火曜配送とぷらす便金曜配送
5980055,2,通常火曜配送とぷらす便金曜配送
5980062,2,通常火曜配送とぷらす便金曜配送
5980063,2,通常火曜配送とぷらす便金曜配送
5980071,2,通常火曜配送とぷらす便金曜配送
5980072,2,通常火曜配送とぷらす便金曜配送
5980074,2,通常火曜配送とぷらす便金曜配送
5980075,2,通常火曜配送とぷらす便金曜配送
5980076,2,通常火曜配送とぷらす便金曜配送
5980091,2,通常火曜配送とぷらす便金曜配送
5980092,2,通常火曜配送とぷらす便金曜配送
5980093,2,通常火曜配送とぷらす便金曜配送
5990012,1,通常月曜配送とぷらす便木曜配送
5990016,2,通常火曜配送とぷらす便金曜配送
5990201,2,通常火曜配送とぷらす便金曜配送
5990203,2,通常火曜配送とぷらす便金曜配送
5990204,2,通常火曜配送とぷらす便金曜配送
5990205,2,通常火曜配送とぷらす便金曜配送
5990211,2,通常火曜配送とぷらす便金曜配送
5990212,2,通常火曜配送とぷらす便金曜配送
5990213,2,通常火曜配送とぷらす便金曜配送
5990215,2,通常火曜配送とぷらす便金曜配送
5990216,2,通常火曜配送とぷらす便金曜配送
5990221,2,通常火曜配送とぷらす便金曜配送
5990223,2,通常火曜配送とぷらす便金曜配送
5990224,2,通常火曜配送とぷらす便金曜配送
5990225,2,通常火曜配送とぷらす便金曜配送
5990231,2,通常火曜配送とぷらす便金曜配送
5990232,2,通常火曜配送とぷらす便金曜配送
5990234,2,通常火曜配送とぷらす便金曜配送
5990235,2,通常火曜配送とぷらす便金曜配送
5990236,2,通常火曜配送とぷらす便金曜配送
5990301,10,通常火曜配送とぷらす便金曜配送、または通常木曜配送とぷらす便火曜配送
5990303,2,通常火曜配送とぷらす便金曜配送
5990304,2,通常火曜配送とぷらす便金曜配送
5998101,16,通常金曜配送とぷらす便水曜配送
5998102,16,通常金曜配送とぷらす便水曜配送
5998103,16,通常金曜配送とぷらす便水曜配送
5998104,20,通常水曜配送とぷらす便月曜配送、または通常金曜配送とぷらす便水曜配送
5998107,20,通常水曜配送とぷらす便月曜配送、または通常金曜配送とぷらす便水曜配送
5998111,17,通常月曜配送とぷらす便木曜配送、または通常金曜配送とぷらす便水曜配送
5998112,18,通常火曜配送とぷらす便金曜配送、または通常金曜配送とぷらす便水曜配送
5998113,16,通常金曜配送とぷらす便水曜配送
5998114,16,通常金曜配送とぷらす便水曜配送
5998116,20,通常水曜配送とぷらす便月曜配送、または通常金曜配送とぷらす便水曜配送
5998121,18,通常火曜配送とぷらす便金曜配送、または通常金曜配送とぷらす便水曜配送
5998122,18,通常火曜配送とぷらす便金曜配送、または通常金曜配送とぷらす便水曜配送
5998123,18,通常火曜配送とぷらす便金曜配送、または通常金曜配送とぷらす便水曜配送
5998124,2,通常火曜配送とぷらす便金曜配送
5998125,16,通常金曜配送とぷらす便水曜配送
5998126,16,通常金曜配送とぷらす便水曜配送
5998127,16,通常金曜配送とぷらす便水曜配送
5998128,16,通常金曜配送とぷらす便水曜配送
5998231,16,通常金曜配送とぷらす便水曜配送
5998232,16,通常金曜配送とぷらす便水曜配送
5998233,18,通常火曜配送とぷらす便金曜配送、または通常金曜配送とぷらす便水曜配送
5998234,16,通常金曜配送とぷらす便水曜配送
5998235,16,通常金曜配送とぷらす便水曜配送
5998236,16,通常金曜配送とぷらす便水曜配送
5998237,16,通常金曜配送とぷらす便水曜配送
5998238,16,通常金曜配送とぷらす便水曜配送
5998241,20,通常水曜配送とぷらす便月曜配送、または通常金曜配送とぷらす便水曜配送
5998242,16,通常金曜配送とぷらす便水曜配送
5998244,16,通常金曜配送とぷらす便水曜配送
5998245,16,通常金曜配送とぷらす便水曜配送
5998246,16,通常金曜配送とぷらす便水曜配送
5998247,16,通常金曜配送とぷらす便水曜配送
5998248,18,通常火曜配送とぷらす便金曜配送、または通常金曜配送とぷらす便水曜配送
5998251,16,通常金曜配送とぷらす便水曜配送
5998252,16,通常金曜配送とぷらす便水曜配送
5998253,16,通常金曜配送とぷらす便水曜配送
5998254,16,通常金曜配送とぷらす便水曜配送
5998261,16,通常金曜配送とぷらす便水曜配送
5998262,16,通常金曜配送とぷらす便水曜配送
5998263,16,通常金曜配送とぷらす便水曜配送
5998265,16,通常金曜配送とぷらす便水曜配送
5998266,16,通常金曜配送とぷらす便水曜配送
5998267,16,通常金曜配送とぷらす便水曜配送
5998271,16,通常金曜配送とぷらす便水曜配送
5998272,16,通常金曜配送とぷらす便水曜配送
5998273,16,通常金曜配送とぷらす便水曜配送
5998274,16,通常金曜配送とぷらす便水曜配送
5998275,16,通常金曜配送とぷらす便水曜配送
5998276,16,通常金曜配送とぷらす便水曜配送
5998903,16,通常金曜配送とぷらす便水曜配送
6148058,2,通常火曜配送とぷらす便金曜配送
6148365,2,通常火曜配送とぷらす便金曜配送
6180001,16,通常金曜配送とぷらす便水曜配送
6180002,16,通常金曜配送とぷらす便水曜配送
6180011,16,通常金曜配送とぷらす便水曜配送
6180012,16,通常金曜配送とぷらす便水曜配送
6180013,16,通常金曜配送とぷらす便水曜配送
6180014,16,通常金曜配送とぷらす便水曜配送
6180015,16,通常金曜配送とぷらす便水曜配送
6180021,16,通常金曜配送とぷらす便水曜配送
6180022,16,通常金曜配送とぷらす便水曜配送
6180023,16,通常金曜配送とぷらす便水曜配送
6180024,16,通常金曜配送とぷらす便水曜配送
6270823,2,通常火曜配送とぷらす便金曜配送
6400103,4,通常水曜配送とぷらす便月曜配送
6400112,4,通常水曜配送とぷらす便月曜配送
6400113,4,通常水曜配送とぷらす便月曜配送
6400114,20,通常水曜配送とぷらす便月曜配送、または通常金曜配送とぷらす便水曜配送
6400115,4,通常水曜配送とぷらす便月曜配送
6400301,16,通常金曜配送とぷらす便水曜配送
6400302,16,通常金曜配送とぷらす便水曜配送
6400303,16,通常金曜配送とぷらす便水曜配送
6400304,16,通常金曜配送とぷらす便水曜配送
6400305,16,通常金曜配送とぷらす便水曜配送
6400306,16,通常金曜配送とぷらす便水曜配送
6400313,16,通常金曜配送とぷらす便水曜配送
6400315,16,通常金曜配送とぷらす便水曜配送
6400316,16,通常金曜配送とぷらす便水曜配送
6400321,16,通常金曜配送とぷらす便水曜配送
6400324,16,通常金曜配送とぷらす便水曜配送
6400331,16,通常金曜配送とぷらす便水曜配送
6400332,24,通常木曜配送とぷらす便火曜配送、または通常金曜配送とぷらす便水曜配送
6400333,16,通常金曜配送とぷらす便水曜配送
6400341,16,通常金曜配送とぷらす便水曜配送
6400343,16,通常金曜配送とぷらす便水曜配送
6400344,16,通常金曜配送とぷらす便水曜配送
6400345,16,通常金曜配送とぷらす便水曜配送
6400351,16,通常金曜配送とぷらす便水曜配送
6400352,16,通常金曜配送とぷらす便水曜配送
6400353,16,通常金曜配送とぷらす便水曜配送
6400361,16,通常金曜配送とぷらす便水曜配送
6400362,16,通常金曜配送とぷらす便水曜配送
6400363,16,通常金曜配送とぷらす便水曜配送
6400364,16,通常金曜配送とぷらす便水曜配送
6400401,1,通常月曜配送とぷらす便木曜配送
6400402,1,通常月曜配送とぷらす便木曜配送
6400403,1,通常月曜配送とぷらす便木曜配送
6400404,1,通常月曜配送とぷらす便木曜配送
6400405,1,通常月曜配送とぷらす便木曜配送
6400406,1,通常月曜配送とぷらす便木曜配送
6400411,1,通常月曜配送とぷらす便木曜配送
6400412,1,通常月曜配送とぷらす便木曜配送
6400413,1,通常月曜配送とぷらす便木曜配送
6400414,1,通常月曜配送とぷらす便木曜配送
6400415,9,通常月曜配送とぷらす便木曜配送、または通常木曜配送とぷらす便火曜配送
6400416,1,通常月曜配送とぷらす便木曜配送
6400421,1,通常月曜配送とぷらす便木曜配送
6400422,1,通常月曜配送とぷらす便木曜配送
6400423,1,通常月曜配送とぷらす便木曜配送
6400424,1,通常月曜配送とぷらす便木曜配送
6400441,1,通常月曜配送とぷらす便木曜配送
6400442,1,通常月曜配送とぷらす便木曜配送
6400443,16,通常金曜配送とぷらす便水曜配送
6400451,1,通常月曜配送とぷらす便木曜配送
6400453,16,通常金曜配送とぷらす便水曜配送
6400454,17,通常月曜配送とぷらす便木曜配送、または通常金曜配送とぷらす便水曜配送
6401101,1,通常月曜配送とぷらす便木曜配送
6401111,16,通常金曜配送とぷらす便水曜配送
6401121,16,通常金曜配送とぷらす便水曜配送
6401131,16,通常金曜配送とぷらす便水曜配送
6401141,16,通常金曜配送とぷらす便水曜配送
6401161,16,通常金曜配送とぷらす便水曜配送
6401162,16,通常金曜配送とぷらす便水曜配送
6401165,16,通常金曜配送とぷらす便水曜配送
6401166,16,通常金曜配送とぷらす便水曜配送
6401167,16,通常金曜配送とぷらす便水曜配送
6401171,16,通常金曜配送とぷらす便水曜配送
6401172,16,通常金曜配送とぷらす便水曜配送
6401173,16,通常金曜配送とぷらす便水曜配送
6401174,16,通常金曜配送とぷらす便水曜配送
6401175,16,通常金曜配送とぷらす便水曜配送
6401205,4,通常水曜配送とぷらす便月曜配送
6401207,1,通常月曜配送とぷらす便木曜配送
6401243,16,通常金曜配送とぷらす便水曜配送
6401244,16,通常金曜配送とぷらす便水曜配送
6401251,1,通常月曜配送とぷらす便木曜配送
6401255,1,通常月曜配送とぷらす便木曜配送
6408003,4,通常水曜配送とぷらす便月曜配送
6408004,4,通常水曜配送とぷらす便月曜配送
6408005,4,通常水曜配送とぷらす便月曜配送
6408008,4,通常水曜配送とぷらす便月曜配送
6408012,4,通常水曜配送とぷらす便月曜配送
6408013,4,通常水曜配送とぷらす便月曜配送
6408015,4,通常水曜配送とぷらす便月曜配送
6408024,4,通常水曜配送とぷらす便月曜配送
6408029,4,通常水曜配送とぷらす便月曜配送
6408031,4,通常水曜配送とぷらす便月曜配送
6408032,4,通常水曜配送とぷらす便月曜配送
6408033,4,通常水曜配送とぷらす便月曜配送
6408034,4,通常水曜配送とぷらす便月曜配送
6408035,4,通常水曜配送とぷらす便月曜配送
6408037,4,通常水曜配送とぷらす便月曜配送
6408042,4,通常水曜配送とぷらす便月曜配送
6408043,4,通常水曜配送とぷらす便月曜配送
6408044,4,通常水曜配送とぷらす便月曜配送
6408045,4,通常水曜配送とぷらす便月曜配送
6408058,4,通常水曜配送とぷらす便月曜配送
6408061,4,通常水曜配送とぷらす便月曜配送
6408062,4,通常水曜配送とぷらす便月曜配送
6408063,4,通常水曜配送とぷらす便月曜配送
6408066,4,通常水曜配送とぷらす便月曜配送
6408068,4,通常水曜配送とぷらす便月曜配送
6408069,4,通常水曜配送とぷらす便月曜配送
6408071,4,通常水曜配送とぷらす便月曜配送
6408072,4,通常水曜配送とぷらす便月曜配送
6408073,8,通常木曜配送とぷらす便火曜配送
6408074,4,通常水曜配送とぷらす便月曜配送
6408101,4,通常水曜配送とぷらす便月曜配送
6408106,4,通常水曜配送とぷらす便月曜配送
6408107,4,通常水曜配送とぷらす便月曜配送
6408111,8,通常木曜配送とぷらす便火曜配送
6408112,8,通常木曜配送とぷらす便火曜配送
6408113,8,通常木曜配送とぷらす便火曜配送
6408114,8,通常木曜配送とぷらす便火曜配送
6408115,8,通常木曜配送とぷらす便火曜配送
6408116,8,通常木曜配送とぷらす便火曜配送
6408117,8,通常木曜配送とぷらす便火曜配送
6408118,8,通常木曜配送とぷらす便火曜配送
6408123,24,通常木曜配送とぷらす便火曜配送、または通常金曜配送とぷらす便水曜配送
6408124,12,通常水曜配送とぷらす便月曜配送、または通常木曜配送とぷらす便火曜配送
6408125,8,通常木曜配送とぷらす便火曜配送
6408127,8,通常木曜配送とぷらす便火曜配送
6408128,8,通常木曜配送とぷらす便火曜配送
6408131,8,通常木曜配送とぷらす便火曜配送
6408132,8,通常木曜配送とぷらす便火曜配送
6408133,12,通常水曜配送とぷらす便月曜配送、または通常木曜配送とぷらす便火曜配送
6408135,8,通常木曜配送とぷらす便火曜配送
6408136,8,通常木曜配送とぷらす便火曜配送
6408137,8,通常木曜配送とぷらす便火曜配送
6408138,8,通常木曜配送とぷらす便火曜配送
6408142,8,通常木曜配送とぷらす便火曜配送
6408144,8,通常木曜配送とぷらす便火曜配送
6408150,4,通常水曜配送とぷらす便月曜配送
6408151,8,通常木曜配送とぷらす便火曜配送
6408152,4,通常水曜配送とぷらす便月曜配送
6408154,4,通常水曜配送とぷらす便月曜配送
6408157,4,通常水曜配送とぷらす便月曜配送
6408158,4,通常水曜配送とぷらす便月曜配送
6408159,4,通常水曜配送とぷらす便月曜配送
6408201,4,通常水曜配送とぷらす便月曜配送
6408203,4,通常水曜配送とぷらす便月曜配送
6408204,4,通常水曜配送とぷらす便月曜配送
6408205,4,通常水曜配送とぷらす便月曜配送
6408212,4,通常水曜配送とぷらす便月曜配送
6408215,4,通常水曜配送とぷらす便月曜配送
6408220,4,通常水曜配送とぷらす便月曜配送
6408221,4,通常水曜配送とぷらす便月曜配送
6408222,4,通常水曜配送とぷらす便月曜配送
6408223,4,通常水曜配送とぷらす便月曜配送
6408224,4,通常水曜配送とぷらす便月曜配送
6408227,4,通常水曜配送とぷらす便月曜配送
6408228,4,通常水曜配送とぷらす便月曜配送
6408229,4,通常水曜配送とぷらす便月曜配送
6408230,4,通常水曜配送とぷらす便月曜配送
6408233,4,通常水曜配送とぷらす便月曜配送
6408235,12,通常水曜配送とぷらす便月曜配送、または通常木曜配送とぷらす便火曜配送
6408237,4,通常水曜配送とぷらす便月曜配送
6408239,4,通常水曜配送とぷらす便月曜配送
6408243,4,通常水曜配送とぷらす便月曜配送
6408244,4,通常水曜配送とぷらす便月曜配送
6408249,4,通常水曜配送とぷらす便月曜配送
6408254,4,通常水曜配送とぷらす便月曜配送
6408255,8,通常木曜配送とぷらす便火曜配送
6408256,12,通常水曜配送とぷらす便月曜配送、または通常木曜配送とぷらす便火曜配送
6408262,4,通常水曜配送とぷらす便月曜配送
6408263,4,通常水曜配送とぷらす便月曜配送
6408265,8,通常木曜配送とぷらす便火曜配送
6408266,8,通常木曜配送とぷらす便火曜配送
6408267,8,通常木曜配送とぷらす便火曜配送
6408269,12,通常水曜配送とぷらす便月曜配送、または通常木曜配送とぷらす便火曜配送
6408272,24,通常木曜配送とぷらす便火曜配送、または通常金曜配送とぷらす便水曜配送
6408273,8,通常木曜配送とぷらす便火曜配送
6408275,8,通常木曜配送とぷらす便火曜配送
6408281,4,通常水曜配送とぷらす便月曜配送
6408283,8,通常木曜配送とぷらす便火曜配送
6408284,8,通常木曜配送とぷらす便火曜配送
6408285,8,通常木曜配送とぷらす便火曜配送
6408286,8,通常木曜配送とぷらす便火曜配送
6408287,8,通常木曜配送とぷらす便火曜配送
6408288,4,通常水曜配送とぷらす便月曜配送
6408290,4,通常水曜配送とぷらす便月曜配送
6408291,4,通常水曜配送とぷらす便月曜配送
6408292,4,通常水曜配送とぷらす便月曜配送
6408293,4,通常水曜配送とぷらす便月曜配送
6408298,4,通常水曜配送とぷらす便月曜配送
6408301,9,通常月曜配送とぷらす便木曜配送、または通常木曜配送とぷらす便火曜配送
6408302,8,通常木曜配送とぷらす便火曜配送
6408303,8,通常木曜配送とぷらす便火曜配送
6408304,28,通常水曜配送とぷらす便月曜配送、または通常木曜配送とぷらす便火曜配送、または通常金曜配送とぷらす便水曜配送
6408305,8,通常木曜配送とぷらす便火曜配送
6408306,24,通常木曜配送とぷらす便火曜配送、または通常金曜配送とぷらす便水曜配送
6408311,16,通常金曜配送とぷらす便水曜配送
6408312,24,通常木曜配送とぷらす便火曜配送、または通常金曜配送とぷらす便水曜配送
6408313,24,通常木曜配送とぷらす便火曜配送、または通常金曜配送とぷらす便水曜配送
6408314,24,通常木曜配送とぷらす便火曜配送、または通常金曜配送とぷらす便水曜配送
6408315,8,通常木曜配送とぷらす便火曜配送
6408316,24,通常木曜配送とぷらす便火曜配送、または通常金曜配送とぷらす便水曜配送
6408317,24,通常木曜配送とぷらす便火曜配送、または通常金曜配送とぷらす便水曜配送
6408318,8,通常木曜配送とぷらす便火曜配送
6408319,8,通常木曜配送とぷらす便火曜配送
6408321,12,通常水曜配送とぷらす便月曜配送、または通常木曜配送とぷらす便火曜配送
6408322,8,通常木曜配送とぷらす便火曜配送
6408323,8,通常木曜配送とぷらす便火曜配送
6408324,12,通常水曜配送とぷらす便月曜配送、または通常木曜配送とぷらす便火曜配送
6408325,8,通常木曜配送とぷらす便火曜配送
6408326,8,通常木曜配送とぷらす便火曜配送
6408328,8,通常木曜配送とぷらす便火曜配送
6408329,8,通常木曜配送とぷらす便火曜配送
6408331,8,通常木曜配送とぷらす便火曜配送
6408332,8,通常木曜配送とぷらす便火曜配送
6408334,8,通常木曜配送とぷらす便火曜配送
6408335,8,通常木曜配送とぷらす便火曜配送
6408336,8,通常木曜配送とぷらす便火曜配送
6408337,8,通常木曜配送とぷらす便火曜配送
6408341,12,通常水曜配送とぷらす便月曜配送、または通常木曜配送とぷらす便火曜配送
6408342,8,通常木曜配送とぷらす便火曜配送
6408343,12,通常水曜配送とぷらす便月曜配送、または通常木曜配送とぷらす便火曜配送
6408344,8,通常木曜配送とぷらす便火曜配送
6408345,24,通常木曜配送とぷらす便火曜配送、または通常金曜配送とぷらす便水曜配送
6408357,8,通常木曜配送とぷらす便火曜配送
6408373,4,通常水曜配送とぷらす便月曜配送
6408375,8,通常木曜配送とぷらす便火曜配送
6408376,12,通常水曜配送とぷらす便月曜配送、または通常木曜配送とぷらす便火曜配送
6408377,4,通常水曜配送とぷらす便月曜配送
6408382,4,通常水曜配送とぷらす便月曜配送
6408390,12,通常水曜配送とぷらす便月曜配送、または通常木曜配送とぷらす便火曜配送
6408391,8,通常木曜配送とぷらす便火曜配送
6408392,12,通常水曜配送とぷらす便月曜配送、または通常木曜配送とぷらす便火曜配送
6408399,4,通常水曜配送とぷらす便月曜配送
6408401,4,通常水曜配送とぷらす便月曜配送
6408402,4,通常水曜配送とぷらす便月曜配送
6408403,4,通常水曜配送とぷらす便月曜配送
6408404,12,通常水曜配送とぷらす便月曜配送、または通常木曜配送とぷらす便火曜配送
6408411,4,通常水曜配送とぷらす便月曜配送
6408412,12,通常水曜配送とぷらす便月曜配送、または通常木曜配送とぷらす便火曜配送
6408413,4,通常水曜配送とぷらす便月曜配送
6408414,4,通常水曜配送とぷらす便月曜配送
6408415,4,通常水曜配送とぷらす便月曜配送
6408416,4,通常水曜配送とぷらす便月曜配送
6408421,4,通常水曜配送とぷらす便月曜配送
6408422,4,通常水曜配送とぷらす便月曜配送
6408423,4,通常水曜配送とぷらす便月曜配送
6408424,12,通常水曜配送とぷらす便月曜配送、または通常木曜配送とぷらす便火曜配送
6408425,4,通常水曜配送とぷらす便月曜配送
6408431,4,通常水曜配送とぷらす便月曜配送
6408432,4,通常水曜配送とぷらす便月曜配送
6408433,4,通常水曜配送とぷらす便月曜配送
6408434,4,通常水曜配送とぷらす便月曜配送
6408435,4,通常水曜配送とぷらす便月曜配送
6408441,4,通常水曜配送とぷらす便月曜配送
6408442,4,通常水曜配送とぷらす便月曜配送
6408443,4,通常水曜配送とぷらす便月曜配送
6408444,4,通常水曜配送とぷらす便月曜配送
6408451,4,通常水曜配送とぷらす便月曜配送
6408452,4,通常水曜配送とぷらす便月曜配送
6408453,4,通常水曜配送とぷらす便月曜配送
6408454,4,通常水曜配送とぷらす便月曜配送
6408461,4,通常水曜配送とぷらす便月曜配送
6408462,4,通常水曜配送とぷらす便月曜配送
6408463,4,通常水曜配送とぷらす便月曜配送
6408464,4,通常水曜配送とぷらす便月曜配送
6408471,4,通常水曜配送とぷらす便月曜配送
6408472,4,通常水曜配送とぷらす便月曜配送
6408481,5,通常月曜配送とぷらす便木曜配送、または通常水曜配送とぷらす便月曜配送
6408482,4,通常水曜配送とぷらす便月曜配送
6408483,4,通常水曜配送とぷらす便月曜配送
6410001,16,通常金曜配送とぷらす便水曜配送
6410002,24,通常木曜配送とぷらす便火曜配送、または通常金曜配送とぷらす便水曜配送
6410003,16,通常金曜配送とぷらす便水曜配送
6410004,16,通常金曜配送とぷらす便水曜配送
6410005,17,通常月曜配送とぷらす便木曜配送、または通常金曜配送とぷらす便水曜配送
6410006,24,通常木曜配送とぷらす便火曜配送、または通常金曜配送とぷらす便水曜配送
6410007,24,通常木曜配送とぷらす便火曜配送、または通常金曜配送とぷらす便水曜配送
6410008,24,通常木曜配送とぷらす便火曜配送、または通常金曜配送とぷらす便水曜配送
6410011,16,通常金曜配送とぷらす便水曜配送
6410012,16,通常金曜配送とぷらす便水曜配送
6410013,24,通常木曜配送とぷらす便火曜配送、または通常金曜配送とぷらす便水曜配送
6410014,16,通常金曜配送とぷらす便水曜配送
6410015,16,通常金曜配送とぷらす便水曜配送
6410021,20,通常水曜配送とぷらす便月曜配送、または通常金曜配送とぷらす便水曜配送
6410022,17,通常月曜配送とぷらす便木曜配送、または通常金曜配送とぷらす便水曜配送
6410023,16,通常金曜配送とぷらす便水曜配送
6410024,24,通常木曜配送とぷらす便火曜配送、または通常金曜配送とぷらす便水曜配送
6410025,16,通常金曜配送とぷらす便水曜配送
6410031,8,通常木曜配送とぷらす便火曜配送
6410032,8,通常木曜配送とぷらす便火曜配送
6410033,8,通常木曜配送とぷらす便火曜配送
6410034,8,通常木曜配送とぷらす便火曜配送
6410035,25,通常月曜配送とぷらす便木曜配送、または通常木曜配送とぷらす便火曜配送、または通常金曜配送とぷらす便水曜配送
6410036,28,通常水曜配送とぷらす便月曜配送、または通常木曜配送とぷらす便火曜配送、または通常金曜配送とぷらす便水曜配送
6410041,8,通常木曜配送とぷらす便火曜配送
6410042,8,通常木曜配送とぷらす便火曜配送
6410043,8,通常木曜配送とぷらす便火曜配送
6410044,8,通常木曜配送とぷらす便火曜配送
6410045,8,通常木曜配送とぷらす便火曜配送
6410051,12,通常水曜配送とぷらす便月曜配送、または通常木曜配送とぷらす便火曜配送
6410052,8,通常木曜配送とぷらす便火曜配送
6410053,8,通常木曜配送とぷらす便火曜配送
6410054,28,通常水曜配送とぷらす便月曜配送、または通常木曜配送とぷらす便火曜配送、または通常金曜配送とぷらす便水曜配送
6410055,16,通常金曜配送とぷらす便水曜配送
6410056,8,通常木曜配送とぷらす便火曜配送
6410061,24,通常木曜配送とぷらす便火曜配送、または通常金曜配送とぷらす便水曜配送
6410062,16,通常金曜配送とぷらす便水曜配送
6420001,16,通常金曜配送とぷらす便水曜配送
6420002,16,通常金曜配送とぷらす便水曜配送
6420004,16,通常金曜配送とぷらす便水曜配送
6420011,16,通常金曜配送とぷらす便水曜配送
6420012,16,通常金曜配送とぷらす便水曜配送
6420013,16,通常金曜配送とぷらす便水曜配送
6420014,16,通常金曜配送とぷらす便水曜配送
6420015,16,通常金曜配送とぷらす便水曜配送
6420016,16,通常金曜配送とぷらす便水曜配送
6420018,16,通常金曜配送とぷらす便水曜配送
6420019,16,通常金曜配送とぷらす便水曜配送
6420021,16,通常金曜配送とぷらす便水曜配送
6420022,16,通常金曜配送とぷらす便水曜配送
6420023,16,通常金曜配送とぷらす便水曜配送
6420024,16,通常金曜配送とぷらす便水曜配送
6420028,16,通常金曜配送とぷらす便水曜配送
6420031,16,通常金曜配送とぷらす便水曜配送
6420032,16,通常金曜配送とぷらす便水曜配送
6420033,16,通常金曜配送とぷらす便水曜配送
6420034,16,通常金曜配送とぷらす便水曜配送
6430005,16,通常金曜配送とぷらす便水曜配送
6430021,16,通常金曜配送とぷらす便水曜配送
6430022,16,通常金曜配送とぷらす便水曜配送
6430024,16,通常金曜配送とぷらす便水曜配送
6430025,16,通常金曜配送とぷらす便水曜配送
6430026,16,通常金曜配送とぷらす便水曜配送
6430031,16,通常金曜配送とぷらす便水曜配送
6430032,16,通常金曜配送とぷらす便水曜配送
6430033,16,通常金曜配送とぷらす便水曜配送
6430034,16,通常金曜配送とぷらす便水曜配送
6430064,16,通常金曜配送とぷらす便水曜配送
6430142,16,通常金曜配送とぷらす便水曜配送
6430166,16,通常金曜配送とぷらす便水曜配送
6430801,16,通常金曜配送とぷらす便水曜配送
6430811,16,通常金曜配送とぷらす便水曜配送
6430813,16,通常金曜配送とぷらす便水曜配送
6430842,16,通常金曜配送とぷらす便水曜配送
6430852,16,通常金曜配送とぷらす便水曜配送
6450002,2,通常火曜配送とぷらす便金曜配送
6450301,8,通常木曜配送とぷらす便火曜配送
6460027,8,通常木曜配送とぷらす便火曜配送
6480003,1,通常月曜配送とぷらす便木曜配送
6480005,1,通常月曜配送とぷらす便木曜配送
6480007,1,通常月曜配送とぷらす便木曜配送
6480014,1,通常月曜配送とぷらす便木曜配送
6480015,1,通常月曜配送とぷらす便木曜配送
6480016,1,通常月曜配送とぷらす便木曜配送
6480017,1,通常月曜配送とぷらす便木曜配送
6480018,1,通常月曜配送とぷらす便木曜配送
6480019,1,通常月曜配送とぷらす便木曜配送
6480021,1,通常月曜配送とぷらす便木曜配送
6480024,1,通常月曜配送とぷらす便木曜配送
6480025,1,通常月曜配送とぷらす便木曜配送
6480037,1,通常月曜配送とぷらす便木曜配送
6480041,1,通常月曜配送とぷらす便木曜配送
6480043,1,通常月曜配送とぷらす便木曜配送
6480044,1,通常月曜配送とぷらす便木曜配送
6480052,1,通常月曜配送とぷらす便木曜配送
6480053,1,通常月曜配送とぷらす便木曜配送
6480054,1,通常月曜配送とぷらす便木曜配送
6480061,1,通常月曜配送とぷらす便木曜配送
6480062,1,通常月曜配送とぷらす便木曜配送
6480063,1,通常月曜配送とぷらす便木曜配送
6480064,1,通常月曜配送とぷらす便木曜配送
6480065,1,通常月曜配送とぷらす便木曜配送
6480066,1,通常月曜配送とぷらす便木曜配送
6480071,1,通常月曜配送とぷらす便木曜配送
6480072,1,通常月曜配送とぷらす便木曜配送
6480073,1,通常月曜配送とぷらす便木曜配送
6480074,1,通常月曜配送とぷらす便木曜配送
6480075,1,通常月曜配送とぷらす便木曜配送
6480081,1,通常月曜配送とぷらす便木曜配送
6480082,1,通常月曜配送とぷらす便木曜配送
6480084,1,通常月曜配送とぷらす便木曜配送
6480085,1,通常月曜配送とぷらす便木曜配送
6480086,1,通常月曜配送とぷらす便木曜配送
6480087,1,通常月曜配送とぷらす便木曜配送
6480088,1,通常月曜配送とぷらす便木曜配送
6480091,1,通常月曜配送とぷらす便木曜配送
6480092,1,通常月曜配送とぷらす便木曜配送
6480094,1,通常月曜配送とぷらす便木曜配送
6480095,1,通常月曜配送とぷらす便木曜配送
6480096,1,通常月曜配送とぷらす便木曜配送
6480097,1,通常月曜配送とぷらす便木曜配送
6480098,1,通常月曜配送とぷらす便木曜配送
6480099,1,通常月曜配送とぷらす便木曜配送
6480101,1,通常月曜配送とぷらす便木曜配送
6480145,1,通常月曜配送とぷらす便木曜配送
6480263,1,通常月曜配送とぷらす便木曜配送
6490101,16,通常金曜配送とぷらす便水曜配送
6490111,16,通常金曜配送とぷらす便水曜配送
6490112,16,通常金曜配送とぷらす便水曜配送
6490121,16,通常金曜配送とぷらす便水曜配送
6490122,16,通常金曜配送とぷらす便水曜配送
6490123,16,通常金曜配送とぷらす便水曜配送
6490131,16,通常金曜配送とぷらす便水曜配送
6490133,16,通常金曜配送とぷらす便水曜配送
6490141,16,通常金曜配送とぷらす便水曜配送
6490142,16,通常金曜配送とぷらす便水曜配送
6490143,16,通常金曜配送とぷらす便水曜配送
6490144,16,通常金曜配送とぷらす便水曜配送
6490145,16,通常金曜配送とぷらす便水曜配送
6490162,16,通常金曜配送とぷらす便水曜配送
6490164,16,通常金曜配送とぷらす便水曜配送
6490301,16,通常金曜配送とぷらす便水曜配送
6490303,16,通常金曜配送とぷらす便水曜配送
6490304,16,通常金曜配送とぷらす便水曜配送
6490305,16,通常金曜配送とぷらす便水曜配送
6490306,16,通常金曜配送とぷらす便水曜配送
6490307,16,通常金曜配送とぷらす便水曜配送
6490311,16,通常金曜配送とぷらす便水曜配送
6490313,16,通常金曜配送とぷらす便水曜配送
6490314,16,通常金曜配送とぷらす便水曜配送
6490315,16,通常金曜配送とぷらす便水曜配送
6490316,16,通常金曜配送とぷらす便水曜配送
6490317,16,通常金曜配送とぷらす便水曜配送
6490421,16,通常金曜配送とぷらす便水曜配送
6490432,16,通常金曜配送とぷらす便水曜配送
6490433,16,通常金曜配送とぷらす便水曜配送
6490434,16,通常金曜配送とぷらす便水曜配送
6490435,16,通常金曜配送とぷらす便水曜配送
6490436,16,通常金曜配送とぷらす便水曜配送
6491111,8,通常木曜配送とぷらす便火曜配送
6491221,8,通常木曜配送とぷらす便火曜配送
6492105,16,通常金曜配送とぷらす便水曜配送
6493169,4,通常水曜配送とぷらす便月曜配送
6496111,1,通常月曜配送とぷらす便木曜配送
6496112,17,通常月曜配送とぷらす便木曜配送、または通常金曜配送とぷらす便水曜配送
6496121,1,通常月曜配送とぷらす便木曜配送
6496122,1,通常月曜配送とぷらす便木曜配送
6496123,1,通常月曜配送とぷらす便木曜配送
6496124,1,通常月曜配送とぷらす便木曜配送
6496202,3,通常月曜配送とぷらす便木曜配送、または通常火曜配送とぷらす便金曜配送
6496203,1,通常月曜配送とぷらす便木曜配送
6496204,1,通常月曜配送とぷらす便木曜配送
6496205,3,通常月曜配送とぷらす便木曜配送、または通常火曜配送とぷらす便金曜配送
6496206,3,通常月曜配送とぷらす便木曜配送、または通常火曜配送とぷらす便金曜配送
6496211,1,通常月曜配送とぷらす便木曜配送
6496212,1,通常月曜配送とぷらす便木曜配送
6496213,1,通常月曜配送とぷらす便木曜配送
6496214,1,通常月曜配送とぷらす便木曜配送
6496215,1,通常月曜配送とぷらす便木曜配送
6496216,1,通常月曜配送とぷらす便木曜配送
6496218,1,通常月曜配送とぷらす便木曜配送
6496219,1,通常月曜配送とぷらす便木曜配送
6496221,1,通常月曜配送とぷらす便木曜配送
6496222,1,通常月曜配送とぷらす便木曜配送
6496223,1,通常月曜配送とぷらす便木曜配送
6496224,1,通常月曜配送とぷらす便木曜配送
6496226,1,通常月曜配送とぷらす便木曜配送
6496227,1,通常月曜配送とぷらす便木曜配送
6496228,1,通常月曜配送とぷらす便木曜配送
6496231,3,通常月曜配送とぷらす便木曜配送、または通常火曜配送とぷらす便金曜配送
6496232,2,通常火曜配送とぷらす便金曜配送
6496235,2,通常火曜配送とぷらす便金曜配送
6496236,3,通常月曜配送とぷらす便木曜配送、または通常火曜配送とぷらす便金曜配送
6496241,2,通常火曜配送とぷらす便金曜配送
6496243,2,通常火曜配送とぷらす便金曜配送
6496244,2,通常火曜配送とぷらす便金曜配送
6496245,2,通常火曜配送とぷらす便金曜配送
6496246,2,通常火曜配送とぷらす便金曜配送
6496248,2,通常火曜配送とぷらす便金曜配送
6496252,2,通常火曜配送とぷらす便金曜配送
6496253,2,通常火曜配送とぷらす便金曜配送
6496255,2,通常火曜配送とぷらす便金曜配送
6496256,2,通常火曜配送とぷらす便金曜配送
6496257,2,通常火曜配送とぷらす便金曜配送
6496258,2,通常火曜配送とぷらす便金曜配送
6496261,2,通常火曜配送とぷらす便金曜配送
6496262,2,通常火曜配送とぷらす便金曜配送
6496263,10,通常火曜配送とぷらす便金曜配送、または通常木曜配送とぷらす便火曜配送
6496264,2,通常火曜配送とぷらす便金曜配送
6496271,2,通常火曜配送とぷらす便金曜配送
6496272,2,通常火曜配送とぷらす便金曜配送
6496274,2,通常火曜配送とぷらす便金曜配送
6496275,10,通常火曜配送とぷらす便金曜配送、または通常木曜配送とぷらす便火曜配送
6496303,2,通常火曜配送とぷらす便金曜配送
6496304,2,通常火曜配送とぷらす便金曜配送
6496305,2,通常火曜配送とぷらす便金曜配送
6496306,2,通常火曜配送とぷらす便金曜配送
6496311,2,通常火曜配送とぷらす便金曜配送
6496312,2,通常火曜配送とぷらす便金曜配送
6496313,2,通常火曜配送とぷらす便金曜配送
6496314,2,通常火曜配送とぷらす便金曜配送
6496315,2,通常火曜配送とぷらす便金曜配送
6496316,2,通常火曜配送とぷらす便金曜配送
6496318,2,通常火曜配送とぷらす便金曜配送
6496321,8,通常木曜配送とぷらす便火曜配送
6496322,12,通常水曜配送とぷらす便月曜配送、または通常木曜配送とぷらす便火曜配送
6496323,8,通常木曜配送とぷらす便火曜配送
6496324,10,通常火曜配送とぷらす便金曜配送、または通常木曜配送とぷらす便火曜配送
6496325,8,通常木曜配送とぷらす便火曜配送
6496326,8,通常木曜配送とぷらす便火曜配送
6496331,2,通常火曜配送とぷらす便金曜配送
6496332,2,通常火曜配送とぷらす便金曜配送
6496333,2,通常火曜配送とぷらす便金曜配送
6496334,2,通常火曜配送とぷらす便金曜配送
6496335,2,通常火曜配送とぷらす便金曜配送
6496336,2,通常火曜配送とぷらす便金曜配送
6496337,2,通常火曜配送とぷらす便金曜配送
6496338,6,通常火曜配送とぷらす便金曜配送、または通常水曜配送とぷらす便月曜配送
6496339,14,通常火曜配送とぷらす便金曜配送、または通常水曜配送とぷらす便月曜配送、または通常木曜配送とぷらす便火曜配送
6496400,1,通常月曜配送とぷらす便木曜配送
6496401,1,通常月曜配送とぷらす便木曜配送
6496402,1,通常月曜配送とぷらす便木曜配送
6496403,1,通常月曜配送とぷらす便木曜配送
6496405,1,通常月曜配送とぷらす便木曜配送
6496406,1,通常月曜配送とぷらす便木曜配送
6496407,1,通常月曜配送とぷらす便木曜配送
6496411,1,通常月曜配送とぷらす便木曜配送
6496413,1,通常月曜配送とぷらす便木曜配送
6496414,1,通常月曜配送とぷらす便木曜配送
6496415,1,通常月曜配送とぷらす便木曜配送
6496416,1,通常月曜配送とぷらす便木曜配送
6496417,1,通常月曜配送とぷらす便木曜配送
6496418,1,通常月曜配送とぷらす便木曜配送
6496421,1,通常月曜配送とぷらす便木曜配送
6496422,1,通常月曜配送とぷらす便木曜配送
6496423,1,通常月曜配送とぷらす便木曜配送
6496424,1,通常月曜配送とぷらす便木曜配送
6496425,1,通常月曜配送とぷらす便木曜配送
6496426,1,通常月曜配送とぷらす便木曜配送
6496427,1,通常月曜配送とぷらす便木曜配送
6496428,1,通常月曜配送とぷらす便木曜配送
6496432,1,通常月曜配送とぷらす便木曜配送
6496433,1,通常月曜配送とぷらす便木曜配送
6496434,1,通常月曜配送とぷらす便木曜配送
6496435,1,通常月曜配送とぷらす便木曜配送
6496445,1,通常月曜配送とぷらす便木曜配送
6496501,1,通常月曜配送とぷらす便木曜配送
6496502,1,通常月曜配送とぷらす便木曜配送
6496504,1,通常月曜配送とぷらす便木曜配送
6496511,1,通常月曜配送とぷらす便木曜配送
6496512,1,通常月曜配送とぷらす便木曜配送
6496514,1,通常月曜配送とぷらす便木曜配送
6496521,1,通常月曜配送とぷらす便木曜配送
6496523,1,通常月曜配送とぷらす便木曜配送
6496525,1,通常月曜配送とぷらす便木曜配送
6496531,1,通常月曜配送とぷらす便木曜配送
6496532,1,通常月曜配送とぷらす便木曜配送
6496541,1,通常月曜配送とぷらす便木曜配送
6496542,1,通常月曜配送とぷらす便木曜配送
6496551,1,通常月曜配送とぷらす便木曜配送
6496553,1,通常月曜配送とぷらす便木曜配送
6496561,1,通常月曜配送とぷらす便木曜配送
6496565,1,通常月曜配送とぷらす便木曜配送
6496602,1,通常月曜配送とぷらす便木曜配送
6496603,1,通常月曜配送とぷらす便木曜配送
6496612,1,通常月曜配送とぷらす便木曜配送
6496615,1,通常月曜配送とぷらす便木曜配送
6496621,1,通常月曜配送とぷらす便木曜配送
6496622,1,通常月曜配送とぷらす便木曜配送
6496623,1,通常月曜配送とぷらす便木曜配送
6496631,1,通常月曜配送とぷらす便木曜配送
6497112,1,通常月曜配送とぷらす便木曜配送
6497113,1,通常月曜配送とぷらす便木曜配送
6497114,1,通常月曜配送とぷらす便木曜配送
6497115,1,通常月曜配送とぷらす便木曜配送
6497121,1,通常月曜配送とぷらす便木曜配送
6497131,1,通常月曜配送とぷらす便木曜配送
6497133,1,通常月曜配送とぷらす便木曜配送
6497151,1,通常月曜配送とぷらす便木曜配送
6497154,1,通常月曜配送とぷらす便木曜配送
6497161,1,通常月曜配送とぷらす便木曜配送
6497162,1,通常月曜配送とぷらす便木曜配送
6497171,1,通常月曜配送とぷらす便木曜配送
6497172,1,通常月曜配送とぷらす便木曜配送
6497173,1,通常月曜配送とぷらす便木曜配送
6497174,1,通常月曜配送とぷらす便木曜配送
6497201,1,通常月曜配送とぷらす便木曜配送
6497202,1,通常月曜配送とぷらす便木曜配送
6497203,1,通常月曜配送とぷらす便木曜配送
6497204,1,通常月曜配送とぷらす便木曜配送
6497205,1,通常月曜配送とぷらす便木曜配送
6497206,1,通常月曜配送とぷらす便木曜配送
6497207,1,通常月曜配送とぷらす便木曜配送
6497216,1,通常月曜配送とぷらす便木曜配送
6610961,8,通常木曜配送とぷらす便火曜配送
6650882,4,通常水曜配送とぷらす便月曜配送
6660129,16,通常金曜配送とぷらす便水曜配送
6694141,4,通常水曜配送とぷらす便月曜配送
6800805,2,通常火曜配送とぷらす便金曜配送
7010205,4,通常水曜配送とぷらす便月曜配送
7372133,2,通常火曜配送とぷらす便金曜配送
7870153,2,通常火曜配送とぷらす便金曜配送
8613455,16,通常金曜配送とぷらす便水曜配送
8917111,4,通常水曜配送とぷらす便月曜配送
9012414,2,通常火曜配送とぷらす便金曜配送
9200822,2,通常火曜配送とぷらす便金曜配送
9300936,1,通常月曜配送とぷらす便木曜配送
